[{"model": "auth.user", "pk": 1, "fields": {"password": "pbkdf2_sha256$120000$swCCkDQ9RNSN$0moPyZ21FGXiT9MRmZP7sArSwdSHbldm8Uop/COYsZA=", "last_login": "2019-05-16T18:44:42.808Z", "is_superuser": true, "username": "admin", "first_name": "admin", "last_name": "roy", "email": "admin@gmail.com", "is_staff": true, "is_active": true, "date_joined": "2019-05-02T07:28:44Z", "groups": [], "user_permissions": []}}, {"model": "auth.user", "pk": 2, "fields": {"password": "pbkdf2_sha256$120000$RrGQQlqzmtPu$j3x/f/6Ko5YVK/uAF8j39yT1/Oxt51bLGyomzEfsFZg=", "last_login": null, "is_superuser": false, "username": "janmejaySingh8036016", "first_name": "janmejay", "last_name": "Singh", "email": "jvsingh.singh@gmail.com", "is_staff": false, "is_active": true, "date_joined": "2019-05-02T07:41:46.143Z", "groups": [], "user_permissions": []}}, {"model": "auth.user", "pk": 3, "fields": {"password": "pbkdf2_sha256$120000$XVtblgk0OkTR$7PlJ4tF5I7vy0f8UadHR974/xxOaUAWq1CpxJyAWXco=", "last_login": null, "is_superuser": false, "username": "stylist", "first_name": "rahul", "last_name": "roy", "email": "test1@gmail.com", "is_staff": false, "is_active": true, "date_joined": "2019-05-02T09:46:03Z", "groups": [], "user_permissions": []}}, {"model": "auth.user", "pk": 4, "fields": {"password": "pbkdf2_sha256$120000$XldJqwC6UsaJ$cghoyVlkmkKk3AP2k6RB4HWrR8nPiyBOrkke/t0dSeI=", "last_login": "2019-05-13T13:20:44.215Z", "is_superuser": true, "username": "designer", "first_name": "deepak", "last_name": "kumar", "email": "deepak@gmail.com", "is_staff": true, "is_active": true, "date_joined": "2019-05-02T11:34:01Z", "groups": [], "user_permissions": []}}, {"model": "auth.user", "pk": 5, "fields": {"password": "pbkdf2_sha256$120000$npJxu7NgF0cl$yWF0SBs9RvvTkuA8uvMsdEl8qNkXfrpeXZ3wnoEN3YA=", "last_login": null, "is_superuser": false, "username": "Judges doAdd4501308", "first_name": "Judges do", "last_name": "Add", "email": "aman@gmail.com", "is_staff": false, "is_active": true, "date_joined": "2019-05-03T06:56:00.554Z", "groups": [], "user_permissions": []}}, {"model": "auth.user", "pk": 6, "fields": {"password": "pbkdf2_sha256$120000$HlFzVpkyklWa$mPMc783d3YotqvHHjF8QtmAeEKIcS1ndbWdm0YKuN8w=", "last_login": null, "is_superuser": false, "username": "AkanshaSaxena9752789", "first_name": "Akansha", "last_name": "Saxena", "email": "ytg@gmail.com", "is_staff": false, "is_active": true, "date_joined": "2019-05-03T08:42:45.190Z", "groups": [], "user_permissions": []}}, {"model": "auth.user", "pk": 7, "fields": {"password": "pbkdf2_sha256$120000$0OUOA1R3GAiJ$WUol3daL2oom5g1R4GCqPCU0hE9C9PsZdWve70CPT4w=", "last_login": null, "is_superuser": false, "username": "TttGgg208697", "first_name": "Ttt", "last_name": "Ggg", "email": "fh@gmail.com", "is_staff": false, "is_active": true, "date_joined": "2019-05-03T12:21:05.197Z", "groups": [], "user_permissions": []}}, {"model": "auth.user", "pk": 8, "fields": {"password": "pbkdf2_sha256$120000$jQGwvPoMzinF$m5RME+E23xEMKZzRav//RbwuQ3YPylWSZPnQ6JvEl7k=", "last_login": null, "is_superuser": false, "username": "ghghhty2095078", "first_name": "ghgh", "last_name": "hty", "email": "hty@gmail.com", "is_staff": false, "is_active": true, "date_joined": "2019-05-03T15:08:51.319Z", "groups": [], "user_permissions": []}}, {"model": "auth.user", "pk": 9, "fields": {"password": "pbkdf2_sha256$120000$Rp7Zstjwny1d$swxyUfmjrvHxW50h1cCOHiBCBJhqB3uDOfAON18D2c8=", "last_login": null, "is_superuser": false, "username": "HdhdHeh625139", "first_name": "Hdhd", "last_name": "Heh", "email": "hgg@gmail.com", "is_staff": false, "is_active": true, "date_joined": "2019-05-03T15:56:06.112Z", "groups": [], "user_permissions": []}}, {"model": "auth.user", "pk": 10, "fields": {"password": "pbkdf2_sha256$120000$Ms3biaaLuDk2$9JCzoswW/IzVD1U673Mx6tOeY5xBMCmW7ISOmcRDuhg=", "last_login": null, "is_superuser": false, "username": "ghghgguu2851123", "first_name": "ghgh", "last_name": "gguu", "email": "hg@gmail.com", "is_staff": false, "is_active": true, "date_joined": "2019-05-03T16:16:01.576Z", "groups": [], "user_permissions": []}}, {"model": "auth.user", "pk": 11, "fields": {"password": "pbkdf2_sha256$120000$OaDQ0wJfiAFA$ZwDyjw5Uw3ntBnnY3gSfE1mWvGqegAvDvUqqR6Vq0TE=", "last_login": "2019-05-06T11:17:55.956Z", "is_superuser": true, "username": "manufacturer", "first_name": "manufacturer", "last_name": "potter", "email": "manufacturer@gmail.com", "is_staff": true, "is_active": true, "date_joined": "2019-05-04T06:00:15Z", "groups": [], "user_permissions": []}}, {"model": "auth.user", "pk": 12, "fields": {"password": "pbkdf2_sha256$120000$XLk7cA0oduKD$DjzCH1OQCY/zSmgaLg11C6af3qMcjDVBraMT+TaNeNw=", "last_login": null, "is_superuser": false, "username": "HungDao5252926", "first_name": "Hung", "last_name": "Dao", "email": "daolamhung@gmail.com", "is_staff": false, "is_active": true, "date_joined": "2019-05-04T11:32:19.532Z", "groups": [], "user_permissions": []}}, {"model": "auth.user", "pk": 13, "fields": {"password": "pbkdf2_sha256$120000$xfxHdJfg8PB9$k9+DTCPzQ6ftktuNdeE/iXBx2LNUI/AQphBFPeZ1GoA=", "last_login": null, "is_superuser": false, "username": "AKANSHASAXENA103147", "first_name": "AKANSHA", "last_name": "SAXENA", "email": "bab@gmail.com", "is_staff": false, "is_active": true, "date_joined": "2019-05-04T16:21:45.463Z", "groups": [], "user_permissions": []}}, {"model": "auth.user", "pk": 14, "fields": {"password": "pbkdf2_sha256$120000$evxBXEUssKAi$QV8jPoe0an/lLKERJez8PQzkWdfENEfpShq4HIbPK8g=", "last_login": null, "is_superuser": false, "username": "GggJhajjar3604261", "first_name": "Ggg", "last_name": "Jhajjar", "email": "hgf@gmail.com", "is_staff": false, "is_active": true, "date_joined": "2019-05-04T16:32:16.506Z", "groups": [], "user_permissions": []}}, {"model": "auth.user", "pk": 15, "fields": {"password": "pbkdf2_sha256$120000$eAcJayNGaCUP$VKfe+OpnIRVeXYkGtbvmCCoXWepCmYftJaGBhVqKXN8=", "last_login": null, "is_superuser": false, "username": "fdbfcbgvbn1634222", "first_name": "modric", "last_name": "x", "email": "jvsngh.singh@gmail.com", "is_staff": false, "is_active": true, "date_joined": "2019-05-06T05:43:10.050Z", "groups": [], "user_permissions": []}}, {"model": "auth.user", "pk": 16, "fields": {"password": "pbkdf2_sha256$120000$Jjtv2WG7yFtd$hCA2Bsz38YwG4Gdz7AQZVol348/NXIz0iLLPQ62rsOI=", "last_login": null, "is_superuser": false, "username": "AkkTest7473396", "first_name": "Akk", "last_name": "Test", "email": "hh@gmail.com", "is_staff": false, "is_active": true, "date_joined": "2019-05-06T05:52:41.824Z", "groups": [], "user_permissions": []}}, {"model": "auth.user", "pk": 17, "fields": {"password": "pbkdf2_sha256$120000$hz4Di28IJ4qa$ycguRdn5SFoR4nWR43ltKrxtRheIPRsyEVd0HmVNDiY=", "last_login": null, "is_superuser": false, "username": "hghhytyu7666553", "first_name": "hghh", "last_name": "ytyu", "email": "yt@gmail.com", "is_staff": false, "is_active": true, "date_joined": "2019-05-06T11:49:05.206Z", "groups": [], "user_permissions": []}}, {"model": "auth.user", "pk": 18, "fields": {"password": "pbkdf2_sha256$120000$q2CYw3OiCju3$KdKTx4gCC3cYWKgOtOvq7FRJ71XZrBMF1PiwrYwKDYE=", "last_login": null, "is_superuser": false, "username": "GgFgggh4240335", "first_name": "Gg", "last_name": "Fgggh", "email": "jh@gmail.com", "is_staff": false, "is_active": true, "date_joined": "2019-05-06T12:18:21.471Z", "groups": [], "user_permissions": []}}, {"model": "auth.user", "pk": 19, "fields": {"password": "pbkdf2_sha256$120000$cqsyDYZ8ptU9$yAqC3USTJMEBre6x7aOqPT0sobv2Jm8+EHpeFcUJA8I=", "last_login": null, "is_superuser": false, "username": "BdbdGshsh445274", "first_name": "Bdbd", "last_name": "Gshsh", "email": "pop@gmail.com", "is_staff": false, "is_active": true, "date_joined": "2019-05-07T05:07:05.092Z", "groups": [], "user_permissions": []}}, {"model": "auth.user", "pk": 20, "fields": {"password": "pbkdf2_sha256$120000$BwB6aeBbRAzo$EnVru1oFd90wox6z9w8U+kd5J6+rDpc2uhmjMgTm1Fk=", "last_login": null, "is_superuser": false, "username": "brucenguyen5091613", "first_name": "bruce", "last_name": "x", "email": "nguyenngocfu@gmail.com", "is_staff": false, "is_active": true, "date_joined": "2019-05-07T06:45:49.565Z", "groups": [], "user_permissions": []}}, {"model": "auth.user", "pk": 21, "fields": {"password": "pbkdf2_sha256$120000$wA1lfloH7LfT$BQQkAtPaIchfagDIHVR1tpLl2uvFIjSPDkao2G+urgY=", "last_login": null, "is_superuser": false, "username": "SomeOne3313899", "first_name": "Some", "last_name": "One", "email": "truong.nhan@ymail.com", "is_staff": false, "is_active": true, "date_joined": "2019-05-08T15:16:59.925Z", "groups": [], "user_permissions": []}}, {"model": "auth.user", "pk": 22, "fields": {"password": "pbkdf2_sha256$120000$MEfqnyG5BzOj$4KKpEVn3vRThFmyoQ1KTFp6J5vxPyVelKo6STU2qJxs=", "last_login": null, "is_superuser": false, "username": "gguyu3569857", "first_name": "gg", "last_name": "uyu", "email": "test@yahoo.com", "is_staff": false, "is_active": true, "date_joined": "2019-05-09T06:37:43.885Z", "groups": [], "user_permissions": []}}, {"model": "auth.user", "pk": 23, "fields": {"password": "pbkdf2_sha256$120000$5NPGYT7g3xzy$N+ezzf2lJh6J4WT91yQ5rG5DR53mRWLQuJlHz9kJZXs=", "last_login": null, "is_superuser": false, "username": "FghfghFghfgh1690031", "first_name": "Fghfgh", "last_name": "Fghfgh", "email": "aman2@gmail.com", "is_staff": false, "is_active": true, "date_joined": "2019-05-09T08:53:12.441Z", "groups": [], "user_permissions": []}}, {"model": "auth.user", "pk": 24, "fields": {"password": "pbkdf2_sha256$120000$n9BypnYYCM1h$UetEy3Hzlc3sWK+pd7Lf5ak4mLuHnorIynbmsBdUhKQ=", "last_login": null, "is_superuser": false, "username": "FggghHyfhh4639240", "first_name": "Fgggh", "last_name": "Hyfhh", "email": "ht@gmail.com", "is_staff": false, "is_active": true, "date_joined": "2019-05-09T09:31:49.215Z", "groups": [], "user_permissions": []}}, {"model": "auth.user", "pk": 25, "fields": {"password": "pbkdf2_sha256$120000$gR0EZJm1KWO5$0wW3U+ysNKV7svQnY72n+oaNK/K4ViEXVfPjoU1SDr8=", "last_login": null, "is_superuser": false, "username": "ssdssafdgfdsadfa1821042", "first_name": "ssdssa", "last_name": "fdgfdsadfa", "email": "chd1223@gmail.com", "is_staff": false, "is_active": true, "date_joined": "2019-05-10T08:28:08.349Z", "groups": [], "user_permissions": []}}, {"model": "auth.user", "pk": 26, "fields": {"password": "pbkdf2_sha256$120000$oR9qFQwoJlpz$6jWt508N7WXAxtZfOTgzSp3Vb5qjJ5HPgObeFrDD0hs=", "last_login": null, "is_superuser": false, "username": "ghhgshs6264222", "first_name": "ghh", "last_name": "gshs", "email": "ij@gmail.com", "is_staff": false, "is_active": true, "date_joined": "2019-05-13T12:25:08.121Z", "groups": [], "user_permissions": []}}, {"model": "auth.user", "pk": 27, "fields": {"password": "pbkdf2_sha256$120000$IhcxcIFN0vqt$RWy/8nnIb5ZBiqRjDkqwFpaZrbfr2fSmp4LtvXVCziw=", "last_login": null, "is_superuser": false, "username": "uhghh773987", "first_name": "uh", "last_name": "ghh", "email": "popi@gmail.com.in", "is_staff": false, "is_active": true, "date_joined": "2019-05-13T13:18:18.669Z", "groups": [], "user_permissions": []}}, {"model": "auth.user", "pk": 28, "fields": {"password": "pbkdf2_sha256$120000$AkLyYr8F9Usb$4jo8Eib9mBrzUUcFKqr/m2v4GZCya+YwIOsiG3/FPx4=", "last_login": null, "is_superuser": false, "username": "HhhYes8018391", "first_name": "Hhh", "last_name": "Yes", "email": "hj@gmail.com.in", "is_staff": false, "is_active": true, "date_joined": "2019-05-13T13:26:46.001Z", "groups": [], "user_permissions": []}}, {"model": "auth.user", "pk": 29, "fields": {"password": "pbkdf2_sha256$120000$eW4OEObQ1XEO$Q2d4Z1VAGPTveH0GvEEh2onHA2cX2EnB1b+02UMqMaQ=", "last_login": null, "is_superuser": false, "username": "VietHung2115779", "first_name": "Viet", "last_name": "Hung", "email": "viethung@mofahcm.gov.vn", "is_staff": false, "is_active": true, "date_joined": "2019-05-14T01:27:49.827Z", "groups": [], "user_permissions": []}}, {"model": "auth.user", "pk": 30, "fields": {"password": "pbkdf2_sha256$120000$FPh6kgrQYj1W$xWK0ynRxqEGid/t8LWmzUHseDv27cnR3na3NB73B0dE=", "last_login": null, "is_superuser": false, "username": "VietHung7573183", "first_name": "Viet", "last_name": "Hung", "email": "viethung@mofahcm.gov", "is_staff": false, "is_active": true, "date_joined": "2019-05-14T01:47:40.576Z", "groups": [], "user_permissions": []}}, {"model": "auth.user", "pk": 31, "fields": {"password": "pbkdf2_sha256$120000$AN3jufOlIJqj$dpdumdA/Jwt+AHM0+AjdMoeDSIUK3oC9l5VGJXGCvl0=", "last_login": null, "is_superuser": false, "username": "TiarasRia3421085", "first_name": "Tiaras", "last_name": "Ria", "email": "td@gmail.com", "is_staff": false, "is_active": true, "date_joined": "2019-05-14T06:21:10.370Z", "groups": [], "user_permissions": []}}, {"model": "auth.user", "pk": 32, "fields": {"password": "pbkdf2_sha256$120000$CVfU1n2eFQb4$aVIh3OXAZaFABoK2hlZCrhXPAjndammmdgh3W37dqaM=", "last_login": null, "is_superuser": false, "username": "UuuuuNnn2228378", "first_name": "Uuuuu", "last_name": "Nnn", "email": "bn@gmail.com", "is_staff": false, "is_active": true, "date_joined": "2019-05-14T07:05:06.485Z", "groups": [], "user_permissions": []}}, {"model": "auth.user", "pk": 33, "fields": {"password": "pbkdf2_sha256$120000$l8WhZq1DmeSG$1Cjc7QqgMKCpPcJzVqHYE5xJaA+o0jwOOZNOSOMunew=", "last_login": null, "is_superuser": false, "username": "hhhfehd4300609", "first_name": "hhh", "last_name": "fehd", "email": "ig@gmail.com", "is_staff": false, "is_active": true, "date_joined": "2019-05-14T07:06:14.719Z", "groups": [], "user_permissions": []}}, {"model": "auth.user", "pk": 34, "fields": {"password": "pbkdf2_sha256$120000$0Mi0fyBITn5E$bVcnwgS7Mi239SA7N3/TnrKIklOdWy/yUvMMXYvidVY=", "last_login": null, "is_superuser": false, "username": "GiangMy6668871", "first_name": "Giang", "last_name": "My", "email": "mina.mine9388@gmail.com", "is_staff": false, "is_active": true, "date_joined": "2019-05-14T12:37:46.874Z", "groups": [], "user_permissions": []}}, {"model": "sessions.session", "pk": "1f7pls4t7j8qgu6bqrp4kpkg863zz2e8", "fields": {"session_data": "MDRjYjZiMzA4YzA5ZDkyYmM2OTRlZmQ4NTVmMjcxYzEwNWI1MWVlMzp7Il9hdXRoX3VzZXJfYmFja2VuZCI6ImRqYW5nby5jb250cmliLmF1dGguYmFja2VuZHMuTW9kZWxCYWNrZW5kIiwiX2F1dGhfdXNlcl9oYXNoIjoiNGE3OGVmMWRkNjNhMjJjNzhiMzJlMDdlYzlhYmU4MGVjZGE1MDZjMSIsIl9hdXRoX3VzZXJfaWQiOiIxIn0=", "expire_date": "2019-05-30T10:24:35.698Z"}}, {"model": "sessions.session", "pk": "4oms822dghx12wew70arfmp2oaaikotw", "fields": {"session_data": "YmRlMjNjNjg3MTVkYTQ5OWE5NjY1ZDJhYmI1Zjk2N2U3NzVmNTUyODp7Il9hdXRoX3VzZXJfaWQiOiI0IiwiX2F1dGhfdXNlcl9oYXNoIjoiMzk1ZjQxMzVlZmVhMzM3MjA2NzA0OTdlMzMwYTcyNWNjYjJiNGM3OSIsIl9hdXRoX3VzZXJfYmFja2VuZCI6ImRqYW5nby5jb250cmliLmF1dGguYmFja2VuZHMuTW9kZWxCYWNrZW5kIn0=", "expire_date": "2019-05-27T13:20:44.217Z"}}, {"model": "sessions.session", "pk": "9ake32gnc9jh1nv2wjfbhmsxh9h5y046", "fields": {"session_data": "MWIwMTcwYjQ3MjI3YWZjZDA3OGI3YTQ3OTMyMjE4NzE5YWE3YzE0Yzp7Il9hdXRoX3VzZXJfaWQiOiIxIiwiX2F1dGhfdXNlcl9iYWNrZW5kIjoiZGphbmdvLmNvbnRyaWIuYXV0aC5iYWNrZW5kcy5Nb2RlbEJhY2tlbmQiLCJfYXV0aF91c2VyX2hhc2giOiI0YTc4ZWYxZGQ2M2EyMmM3OGIzMmUwN2VjOWFiZTgwZWNkYTUwNmMxIn0=", "expire_date": "2019-05-30T18:44:42.810Z"}}, {"model": "sessions.session", "pk": "bm4q19e07ordib8kaz4ckbfcub1zpxo4", "fields": {"session_data": "N2Q2ODc1NmZjNmQ2ZjQ2YzcwM2FhZjUwOGNjMTVkNWVjZGQ1Njc4MDp7Il9hdXRoX3VzZXJfYmFja2VuZCI6ImRqYW5nby5jb250cmliLmF1dGguYmFja2VuZHMuTW9kZWxCYWNrZW5kIiwiX2F1dGhfdXNlcl9pZCI6IjEiLCJfYXV0aF91c2VyX2hhc2giOiI0YTc4ZWYxZGQ2M2EyMmM3OGIzMmUwN2VjOWFiZTgwZWNkYTUwNmMxIn0=", "expire_date": "2019-05-27T07:10:32.107Z"}}, {"model": "sessions.session", "pk": "bs6dv8jzpuogosiclqokukszboorc1ma", "fields": {"session_data": "MDRjYjZiMzA4YzA5ZDkyYmM2OTRlZmQ4NTVmMjcxYzEwNWI1MWVlMzp7Il9hdXRoX3VzZXJfYmFja2VuZCI6ImRqYW5nby5jb250cmliLmF1dGguYmFja2VuZHMuTW9kZWxCYWNrZW5kIiwiX2F1dGhfdXNlcl9oYXNoIjoiNGE3OGVmMWRkNjNhMjJjNzhiMzJlMDdlYzlhYmU4MGVjZGE1MDZjMSIsIl9hdXRoX3VzZXJfaWQiOiIxIn0=", "expire_date": "2019-05-17T17:30:12.057Z"}}, {"model": "sessions.session", "pk": "g9yi9d97vahj1v80ndpmewcvze0tkft3", "fields": {"session_data": "N2Q2ODc1NmZjNmQ2ZjQ2YzcwM2FhZjUwOGNjMTVkNWVjZGQ1Njc4MDp7Il9hdXRoX3VzZXJfYmFja2VuZCI6ImRqYW5nby5jb250cmliLmF1dGguYmFja2VuZHMuTW9kZWxCYWNrZW5kIiwiX2F1dGhfdXNlcl9pZCI6IjEiLCJfYXV0aF91c2VyX2hhc2giOiI0YTc4ZWYxZGQ2M2EyMmM3OGIzMmUwN2VjOWFiZTgwZWNkYTUwNmMxIn0=", "expire_date": "2019-05-27T07:06:25.491Z"}}, {"model": "sessions.session", "pk": "k4tz0qs9w3n54o52mzk7btuez5uk9yaw", "fields": {"session_data": "MjNjNGI5YzI1NmYzYzhlODZmZTBjMTM2ZTg2NzUwM2ExNjI2YzcxYjp7Il9hdXRoX3VzZXJfaWQiOiIxIiwiX2F1dGhfdXNlcl9oYXNoIjoiNGE3OGVmMWRkNjNhMjJjNzhiMzJlMDdlYzlhYmU4MGVjZGE1MDZjMSIsIl9hdXRoX3VzZXJfYmFja2VuZCI6ImRqYW5nby5jb250cmliLmF1dGguYmFja2VuZHMuTW9kZWxCYWNrZW5kIn0=", "expire_date": "2019-05-20T09:21:41.800Z"}}, {"model": "sessions.session", "pk": "oxc5rfcn79wpwhismwpwhja3lv6omrzg", "fields": {"session_data": "MDRjYjZiMzA4YzA5ZDkyYmM2OTRlZmQ4NTVmMjcxYzEwNWI1MWVlMzp7Il9hdXRoX3VzZXJfYmFja2VuZCI6ImRqYW5nby5jb250cmliLmF1dGguYmFja2VuZHMuTW9kZWxCYWNrZW5kIiwiX2F1dGhfdXNlcl9oYXNoIjoiNGE3OGVmMWRkNjNhMjJjNzhiMzJlMDdlYzlhYmU4MGVjZGE1MDZjMSIsIl9hdXRoX3VzZXJfaWQiOiIxIn0=", "expire_date": "2019-05-28T13:18:18.833Z"}}, {"model": "sessions.session", "pk": "ss9cr29m2n8ao4psr1eh1wez9tt48tjn", "fields": {"session_data": "MDRjYjZiMzA4YzA5ZDkyYmM2OTRlZmQ4NTVmMjcxYzEwNWI1MWVlMzp7Il9hdXRoX3VzZXJfYmFja2VuZCI6ImRqYW5nby5jb250cmliLmF1dGguYmFja2VuZHMuTW9kZWxCYWNrZW5kIiwiX2F1dGhfdXNlcl9oYXNoIjoiNGE3OGVmMWRkNjNhMjJjNzhiMzJlMDdlYzlhYmU4MGVjZGE1MDZjMSIsIl9hdXRoX3VzZXJfaWQiOiIxIn0=", "expire_date": "2019-05-30T10:25:50.801Z"}}, {"model": "sessions.session", "pk": "xbxic7285w0qn25tzorxo98ga3q9aavh", "fields": {"session_data": "MDRjYjZiMzA4YzA5ZDkyYmM2OTRlZmQ4NTVmMjcxYzEwNWI1MWVlMzp7Il9hdXRoX3VzZXJfYmFja2VuZCI6ImRqYW5nby5jb250cmliLmF1dGguYmFja2VuZHMuTW9kZWxCYWNrZW5kIiwiX2F1dGhfdXNlcl9oYXNoIjoiNGE3OGVmMWRkNjNhMjJjNzhiMzJlMDdlYzlhYmU4MGVjZGE1MDZjMSIsIl9hdXRoX3VzZXJfaWQiOiIxIn0=", "expire_date": "2019-05-28T14:53:36.954Z"}}, {"model": "accounts.role", "pk": 1, "fields": {"role_id": "1", "name": "app-user"}}, {"model": "accounts.role", "pk": 2, "fields": {"role_id": "2", "name": "super-user"}}, {"model": "accounts.role", "pk": 3, "fields": {"role_id": "3", "name": "designer"}}, {"model": "accounts.role", "pk": 4, "fields": {"role_id": "4", "name": "stylist"}}, {"model": "accounts.role", "pk": 5, "fields": {"role_id": "5", "name": "manufacturer"}}, {"model": "accounts.userotherinfo", "pk": 1, "fields": {"user": 2, "role": 1, "isprofile_created": true, "profileimg": "user/profileimg/test_kxENXZJ.jpg", "coverimg": "", "phonenum": "9667925082", "country_code": "+91", "isnumverify": true, "ismailverify": false, "gender": "male", "addr_one": "Noida", "addr_two": "", "addr_three": "", "device_token": "xyz", "device_type": "android", "region": null, "rating": null, "about": null, "created": "2019-05-02"}}, {"model": "accounts.userotherinfo", "pk": 2, "fields": {"user": 3, "role": 4, "isprofile_created": true, "profileimg": "user/profileimg/1-500x500_1.jpg", "coverimg": "user/coverimg/getty_509107562_2000133320009280346_351827_RpxRtMR.jpg", "phonenum": "8965856965", "country_code": "+91", "isnumverify": true, "ismailverify": true, "gender": "male", "addr_one": "lorem lorem lorem  lorem lorem lorem", "addr_two": "lorem lorem lorem lorem lorem", "addr_three": null, "device_token": "sfgdsfdghsfdh", "device_type": "android", "region": "sfghsfgh", "rating": 4.0, "about": "ghdfghfgdhdfg h fgdh", "created": "2019-05-02"}}, {"model": "accounts.userotherinfo", "pk": 3, "fields": {"user": 4, "role": 3, "isprofile_created": true, "profileimg": "user/profileimg/az-large-79795.jpg", "coverimg": "user/coverimg/2_20d30c52-f2df-4f0b-963d-f4d9ac019009_grande.jpg", "phonenum": "8695856565", "country_code": "+91", "isnumverify": true, "ismailverify": true, "gender": "male", "addr_one": "lorem lorem lorem  lorem lorem lorem", "addr_two": "lorem lorem lorem lorem lorem", "addr_three": "ccc", "device_token": "sfgdsfdghsfdh", "device_type": "android", "region": "sfghsfgh", "rating": 3.0, "about": "sdgfafg", "created": "2019-05-02"}}, {"model": "accounts.userotherinfo", "pk": 4, "fields": {"user": 5, "role": 1, "isprofile_created": true, "profileimg": "user/profileimg/1556866577.jpeg", "coverimg": "", "phonenum": "1234567890", "country_code": "+91", "isnumverify": true, "ismailverify": false, "gender": "Male", "addr_one": "Fghfgh", "addr_two": "Dfgdfg", "addr_three": "Dfgdfg", "device_token": "deviceToken", "device_type": "ios", "region": null, "rating": null, "about": null, "created": "2019-05-03"}}, {"model": "accounts.userotherinfo", "pk": 5, "fields": {"user": 6, "role": 1, "isprofile_created": true, "profileimg": "user/profileimg/1556873099518.jpg", "coverimg": "", "phonenum": "9411004458", "country_code": "+91", "isnumverify": true, "ismailverify": false, "gender": "male", "addr_one": "hdhdd", "addr_two": "", "addr_three": "", "device_token": "xyz", "device_type": "android", "region": null, "rating": null, "about": null, "created": "2019-05-03"}}, {"model": "accounts.userotherinfo", "pk": 6, "fields": {"user": 7, "role": 1, "isprofile_created": true, "profileimg": "user/profileimg/1556886080.jpeg", "coverimg": "", "phonenum": "808080808080", "country_code": "+91", "isnumverify": true, "ismailverify": false, "gender": "Female", "addr_one": "Hdshjdd", "addr_two": "", "addr_three": "", "device_token": "deviceToken", "device_type": "ios", "region": null, "rating": null, "about": null, "created": "2019-05-03"}}, {"model": "accounts.userotherinfo", "pk": 7, "fields": {"user": 8, "role": 1, "isprofile_created": true, "profileimg": "user/profileimg/1556896158577.jpg", "coverimg": "", "phonenum": "9411004425", "country_code": "+91", "isnumverify": true, "ismailverify": false, "gender": "male", "addr_one": "gsgshjss", "addr_two": "", "addr_three": "", "device_token": "sdgsg", "device_type": "android", "region": null, "rating": null, "about": null, "created": "2019-05-03"}}, {"model": "accounts.userotherinfo", "pk": 8, "fields": {"user": 9, "role": 1, "isprofile_created": true, "profileimg": "user/profileimg/1556898974.jpeg", "coverimg": "", "phonenum": "323232387878", "country_code": "+91", "isnumverify": true, "ismailverify": false, "gender": "Male", "addr_one": "Hshhshs", "addr_two": "", "addr_three": "", "device_token": "deviceToken", "device_type": "ios", "region": null, "rating": null, "about": null, "created": "2019-05-03"}}, {"model": "accounts.userotherinfo", "pk": 9, "fields": {"user": 10, "role": 1, "isprofile_created": true, "profileimg": "", "coverimg": "", "phonenum": "9998885758", "country_code": "+91", "isnumverify": true, "ismailverify": false, "gender": "male", "addr_one": "hrhjk", "addr_two": "", "addr_three": "", "device_token": "sdgsg", "device_type": "android", "region": null, "rating": null, "about": null, "created": "2019-05-03"}}, {"model": "accounts.userotherinfo", "pk": 10, "fields": {"user": 1, "role": 2, "isprofile_created": true, "profileimg": "user/profileimg/Screenshot_from_2019-04-14_09-35-28.png", "coverimg": "user/coverimg/Screenshot_from_2019-04-15_21-21-44.png", "phonenum": "8958859585", "country_code": "+91", "isnumverify": true, "ismailverify": true, "gender": "male", "addr_one": "lorem lore loremm", "addr_two": "lorem lorem lorem", "addr_three": null, "device_token": "dgsfdggfdsg", "device_type": "web", "region": "sfsdfsd", "rating": 4.0, "about": "ddfgdfsg", "created": "2019-05-03"}}, {"model": "accounts.userotherinfo", "pk": 11, "fields": {"user": 11, "role": 5, "isprofile_created": true, "profileimg": "user/profileimg/301386_full1_8iU0kTI.jpg", "coverimg": "user/coverimg/01_FB-timeline-ecommerce.jpg", "phonenum": "8585858585", "country_code": "+91", "isnumverify": true, "ismailverify": true, "gender": "female", "addr_one": "lorem lorem lorem  lorem lorem lorem", "addr_two": "lorem lorem lorem lorem lorem", "addr_three": null, "device_token": "sfgdsfdghsfdh", "device_type": "android", "region": "sfghsfgh", "rating": 4.2, "about": "xcsdafasd", "created": "2019-05-04"}}, {"model": "accounts.userotherinfo", "pk": 12, "fields": {"user": 12, "role": 1, "isprofile_created": true, "profileimg": "user/profileimg/1556969713.jpeg", "coverimg": "", "phonenum": "962888218", "country_code": "+84", "isnumverify": true, "ismailverify": false, "gender": "Male", "addr_one": "Fpt building - no 17, Duy Tan Street", "addr_two": "Dich Vong Ward", "addr_three": "Cau Giay District", "device_token": "dgsfdggfdsg", "device_type": "web", "region": null, "rating": null, "about": null, "created": "2019-05-04"}}, {"model": "accounts.userotherinfo", "pk": 13, "fields": {"user": 13, "role": 1, "isprofile_created": true, "profileimg": "", "coverimg": "", "phonenum": "7011828706", "country_code": "+91", "isnumverify": true, "ismailverify": false, "gender": "male", "addr_one": "gdhdh", "addr_two": "", "addr_three": "", "device_token": "deviceToken", "device_type": "ios", "region": null, "rating": null, "about": null, "created": "2019-05-04"}}, {"model": "accounts.userotherinfo", "pk": 14, "fields": {"user": 14, "role": 1, "isprofile_created": true, "profileimg": "user/profileimg/1556987546.jpeg", "coverimg": "", "phonenum": "8802313777", "country_code": "+91", "isnumverify": true, "ismailverify": false, "gender": "Male", "addr_one": "Hdhdhd", "addr_two": "", "addr_three": "", "device_token": "deviceToken", "device_type": "ios", "region": null, "rating": null, "about": null, "created": "2019-05-04"}}, {"model": "accounts.userotherinfo", "pk": 15, "fields": {"user": 15, "role": 1, "isprofile_created": true, "profileimg": "user/profileimg/test_mOoFGwo.jpg", "coverimg": "", "phonenum": "9667925804", "country_code": "+91", "isnumverify": true, "ismailverify": false, "gender": "male", "addr_one": "fvb dfg ", "addr_two": null, "addr_three": null, "device_token": "sdgsg", "device_type": "android", "region": null, "rating": null, "about": null, "created": "2019-05-06"}}, {"model": "accounts.userotherinfo", "pk": 16, "fields": {"user": 16, "role": 1, "isprofile_created": false, "profileimg": "", "coverimg": "", "phonenum": "7982727009", "country_code": "+91", "isnumverify": true, "ismailverify": false, "gender": null, "addr_one": null, "addr_two": null, "addr_three": null, "device_token": "dgsfdggfdsg", "device_type": "web", "region": null, "rating": null, "about": null, "created": "2019-05-06"}}, {"model": "accounts.userotherinfo", "pk": 17, "fields": {"user": 17, "role": 1, "isprofile_created": true, "profileimg": "", "coverimg": "", "phonenum": "7982727001", "country_code": "+91", "isnumverify": true, "ismailverify": false, "gender": "male", "addr_one": "gddjd", "addr_two": "", "addr_three": "", "device_token": "xyz", "device_type": "android", "region": null, "rating": null, "about": null, "created": "2019-05-06"}}, {"model": "accounts.userotherinfo", "pk": 18, "fields": {"user": 18, "role": 1, "isprofile_created": true, "profileimg": "user/profileimg/1557145113.jpeg", "coverimg": "", "phonenum": "9411004473", "country_code": "+91", "isnumverify": true, "ismailverify": false, "gender": "Male", "addr_one": "Bgfhhh", "addr_two": "", "addr_three": "", "device_token": "deviceToken", "device_type": "ios", "region": null, "rating": null, "about": null, "created": "2019-05-06"}}, {"model": "accounts.userotherinfo", "pk": 19, "fields": {"user": 19, "role": 1, "isprofile_created": true, "profileimg": "user/profileimg/1557205635.jpeg", "coverimg": "", "phonenum": "9411004475", "country_code": "+91", "isnumverify": true, "ismailverify": false, "gender": "Male", "addr_one": "Hdhdhdhd", "addr_two": "", "addr_three": "", "device_token": "deviceToken", "device_type": "ios", "region": null, "rating": null, "about": null, "created": "2019-05-07"}}, {"model": "accounts.userotherinfo", "pk": 20, "fields": {"user": 20, "role": 1, "isprofile_created": true, "profileimg": "user/profileimg/test_dB4Phpn.jpg", "coverimg": "", "phonenum": "81100634", "country_code": "+65", "isnumverify": true, "ismailverify": false, "gender": "male", "addr_one": "Bedok North Ave 3 bl", "addr_two": null, "addr_three": null, "device_token": "sdgsg", "device_type": "android", "region": null, "rating": null, "about": null, "created": "2019-05-07"}}, {"model": "accounts.userotherinfo", "pk": 21, "fields": {"user": 21, "role": 1, "isprofile_created": true, "profileimg": "user/profileimg/1557328647.jpeg", "coverimg": "", "phonenum": "91169562", "country_code": "+65", "isnumverify": true, "ismailverify": false, "gender": "Male", "addr_one": "Some", "addr_two": "Where", "addr_three": "", "device_token": "deviceToken", "device_type": "ios", "region": null, "rating": null, "about": null, "created": "2019-05-08"}}, {"model": "accounts.userotherinfo", "pk": 22, "fields": {"user": 22, "role": 1, "isprofile_created": true, "profileimg": "", "coverimg": "", "phonenum": "357357357", "country_code": "+91", "isnumverify": true, "ismailverify": false, "gender": "male", "addr_one": "tsfsd", "addr_two": "", "addr_three": "", "device_token": "sdgsg", "device_type": "android", "region": null, "rating": null, "about": null, "created": "2019-05-09"}}, {"model": "accounts.userotherinfo", "pk": 23, "fields": {"user": 23, "role": 1, "isprofile_created": true, "profileimg": "user/profileimg/1557392004.jpeg", "coverimg": "", "phonenum": "3333333333", "country_code": "+91", "isnumverify": true, "ismailverify": false, "gender": "Male", "addr_one": "Sdfsdfsdf sdfsdfsdf", "addr_two": "", "addr_three": "", "device_token": "deviceToken", "device_type": "ios", "region": null, "rating": null, "about": null, "created": "2019-05-09"}}, {"model": "accounts.userotherinfo", "pk": 24, "fields": {"user": 24, "role": 1, "isprofile_created": true, "profileimg": "user/profileimg/1557394318.jpeg", "coverimg": "", "phonenum": "9411004445", "country_code": "+91", "isnumverify": true, "ismailverify": false, "gender": "Male", "addr_one": "Ccvbbj", "addr_two": "", "addr_three": "", "device_token": "deviceToken", "device_type": "ios", "region": null, "rating": null, "about": null, "created": "2019-05-09"}}, {"model": "accounts.userotherinfo", "pk": 25, "fields": {"user": 25, "role": 1, "isprofile_created": false, "profileimg": "", "coverimg": "", "phonenum": "8318866004", "country_code": "91", "isnumverify": false, "ismailverify": false, "gender": null, "addr_one": null, "addr_two": null, "addr_three": null, "device_token": "regeqrger", "device_type": "ios", "region": null, "rating": null, "about": null, "created": "2019-05-10"}}, {"model": "accounts.userotherinfo", "pk": 26, "fields": {"user": 26, "role": 1, "isprofile_created": true, "profileimg": "", "coverimg": "", "phonenum": "1471472582", "country_code": "+91", "isnumverify": true, "ismailverify": false, "gender": "male", "addr_one": "ydhdh", "addr_two": "", "addr_three": "", "device_token": "deviceToken", "device_type": "ios", "region": null, "rating": null, "about": null, "created": "2019-05-13"}}, {"model": "accounts.userotherinfo", "pk": 27, "fields": {"user": 27, "role": 1, "isprofile_created": true, "profileimg": "", "coverimg": "", "phonenum": "9411004457", "country_code": "+91", "isnumverify": true, "ismailverify": false, "gender": "male", "addr_one": "HD HD", "addr_two": "", "addr_three": "", "device_token": "xyz", "device_type": "android", "region": null, "rating": null, "about": null, "created": "2019-05-13"}}, {"model": "accounts.userotherinfo", "pk": 28, "fields": {"user": 28, "role": 1, "isprofile_created": true, "profileimg": "user/profileimg/1557754016.jpeg", "coverimg": "", "phonenum": "3636363698", "country_code": "+91", "isnumverify": true, "ismailverify": false, "gender": "Male", "addr_one": "Hdhdhd", "addr_two": "", "addr_three": "", "device_token": "deviceToken", "device_type": "ios", "region": null, "rating": null, "about": null, "created": "2019-05-13"}}, {"model": "accounts.userotherinfo", "pk": 29, "fields": {"user": 29, "role": 1, "isprofile_created": true, "profileimg": "user/profileimg/1557797420.jpeg", "coverimg": "", "phonenum": "964172222", "country_code": "+84", "isnumverify": true, "ismailverify": false, "gender": "Male", "addr_one": "123 Le Thi Rieng", "addr_two": "123 Alexander de Rhodes", "addr_three": "123 Nguyen Trai", "device_token": "deviceToken", "device_type": "ios", "region": null, "rating": null, "about": null, "created": "2019-05-14"}}, {"model": "accounts.userotherinfo", "pk": 30, "fields": {"user": 30, "role": 1, "isprofile_created": true, "profileimg": "user/profileimg/test_bIaFmMZ.jpg", "coverimg": "", "phonenum": "378861248", "country_code": "+84", "isnumverify": true, "ismailverify": false, "gender": "male", "addr_one": "123 Le Thi Rieng", "addr_two": "123 Nguyen Trai", "addr_three": "123 Alexander de Rhodes", "device_token": "xyz", "device_type": "android", "region": null, "rating": null, "about": null, "created": "2019-05-14"}}, {"model": "accounts.userotherinfo", "pk": 31, "fields": {"user": 31, "role": 1, "isprofile_created": true, "profileimg": "user/profileimg/1557814890.jpeg", "coverimg": "", "phonenum": "36933692", "country_code": "+91", "isnumverify": true, "ismailverify": false, "gender": "Male", "addr_one": "Hdhdhhd", "addr_two": "", "addr_three": "", "device_token": "deviceToken", "device_type": "ios", "region": null, "rating": null, "about": null, "created": "2019-05-14"}}, {"model": "accounts.userotherinfo", "pk": 32, "fields": {"user": 32, "role": 1, "isprofile_created": true, "profileimg": "user/profileimg/1557817516.jpeg", "coverimg": "", "phonenum": "8802313782", "country_code": "+91", "isnumverify": true, "ismailverify": false, "gender": "Male", "addr_one": "Gshsh", "addr_two": "", "addr_three": "", "device_token": "deviceToken", "device_type": "ios", "region": null, "rating": null, "about": null, "created": "2019-05-14"}}, {"model": "accounts.userotherinfo", "pk": 33, "fields": {"user": 33, "role": 1, "isprofile_created": true, "profileimg": "", "coverimg": "", "phonenum": "9411004454", "country_code": "+91", "isnumverify": true, "ismailverify": false, "gender": "male", "addr_one": "ydfjd", "addr_two": "", "addr_three": "", "device_token": "sdgsg", "device_type": "android", "region": null, "rating": null, "about": null, "created": "2019-05-14"}}, {"model": "accounts.userotherinfo", "pk": 34, "fields": {"user": 34, "role": 1, "isprofile_created": true, "profileimg": "user/profileimg/1557837523.jpeg", "coverimg": "", "phonenum": "908848300", "country_code": "+84", "isnumverify": true, "ismailverify": false, "gender": "Male", "addr_one": "123 Nguyen Trai", "addr_two": "123 Bui Thi Xuan", "addr_three": "123", "device_token": "deviceToken", "device_type": "ios", "region": null, "rating": null, "about": null, "created": "2019-05-14"}}, {"model": "accounts.permission", "pk": 1, "fields": {"name": "Dashboard", "des": "Lorem Ipsum is simply dummy text of the printing and typesetting industry. Lorem Ipsum has been the industry's standard dummy text ever since the 1500s, when an unknown printer took a galley of type and scrambled it to make a type specimen book. It has survived not only five centuries, but also the leap into electronic typesetting, remaining essentially unchanged. It was popularised in the 1960s with the release of Letraset sheets containing Lorem Ipsum passages, and more recently with desktop publishing software like Aldus PageMaker including versions of Lorem Ipsum."}}, {"model": "accounts.permission", "pk": 2, "fields": {"name": "Account Management", "des": "Lorem Ipsum is simply dummy text of the printing and typesetting industry. Lorem Ipsum has been the industry's standard dummy text ever since the 1500s, when an unknown printer took a galley of type and scrambled it to make a type specimen book. It has survived not only five centuries, but also the leap into electronic typesetting, remaining essentially unchanged. It was popularised in the 1960s with the release of Letraset sheets containing Lorem Ipsum passages, and more recently with desktop publishing software like Aldus PageMaker including versions of Lorem Ipsum."}}, {"model": "accounts.permission", "pk": 3, "fields": {"name": "Member Management", "des": "Lorem Ipsum is simply dummy text of the printing and typesetting industry. Lorem Ipsum has been the industry's standard dummy text ever since the 1500s, when an unknown printer took a galley of type and scrambled it to make a type specimen book. It has survived not only five centuries, but also the leap into electronic typesetting, remaining essentially unchanged. It was popularised in the 1960s with the release of Letraset sheets containing Lorem Ipsum passages, and more recently with desktop publishing software like Aldus PageMaker including versions of Lorem Ipsum."}}, {"model": "accounts.permission", "pk": 4, "fields": {"name": "Chat Management", "des": "Lorem Ipsum is simply dummy text of the printing and typesetting industry. Lorem Ipsum has been the industry's standard dummy text ever since the 1500s, when an unknown printer took a galley of type and scrambled it to make a type specimen book. It has survived not only five centuries, but also the leap into electronic typesetting, remaining essentially unchanged. It was popularised in the 1960s with the release of Letraset sheets containing Lorem Ipsum passages, and more recently with desktop publishing software like Aldus PageMaker including versions of Lorem Ipsum."}}, {"model": "accounts.permission", "pk": 5, "fields": {"name": "Order Management", "des": "Lorem Ipsum is simply dummy text of the printing and typesetting industry. Lorem Ipsum has been the industry's standard dummy text ever since the 1500s, when an unknown printer took a galley of type and scrambled it to make a type specimen book. It has survived not only five centuries, but also the leap into electronic typesetting, remaining essentially unchanged. It was popularised in the 1960s with the release of Letraset sheets containing Lorem Ipsum passages, and more recently with desktop publishing software like Aldus PageMaker including versions of Lorem Ipsum."}}, {"model": "accounts.permission", "pk": 6, "fields": {"name": "Payment Management", "des": "Lorem Ipsum is simply dummy text of the printing and typesetting industry. Lorem Ipsum has been the industry's standard dummy text ever since the 1500s, when an unknown printer took a galley of type and scrambled it to make a type specimen book. It has survived not only five centuries, but also the leap into electronic typesetting, remaining essentially unchanged. It was popularised in the 1960s with the release of Letraset sheets containing Lorem Ipsum passages, and more recently with desktop publishing software like Aldus PageMaker including versions of Lorem Ipsum."}}, {"model": "accounts.permission", "pk": 7, "fields": {"name": "Report Generation", "des": "Lorem Ipsum is simply dummy text of the printing and typesetting industry. Lorem Ipsum has been the industry's standard dummy text ever since the 1500s, when an unknown printer took a galley of type and scrambled it to make a type specimen book. It has survived not only five centuries, but also the leap into electronic typesetting, remaining essentially unchanged. It was popularised in the 1960s with the release of Letraset sheets containing Lorem Ipsum passages, and more recently with desktop publishing software like Aldus PageMaker including versions of Lorem Ipsum."}}, {"model": "accounts.permission", "pk": 8, "fields": {"name": "Product Management", "des": "Lorem Ipsum is simply dummy text of the printing and typesetting industry. Lorem Ipsum has been the industry's standard dummy text ever since the 1500s, when an unknown printer took a galley of type and scrambled it to make a type specimen book. It has survived not only five centuries, but also the leap into electronic typesetting, remaining essentially unchanged. It was popularised in the 1960s with the release of Letraset sheets containing Lorem Ipsum passages, and more recently with desktop publishing software like Aldus PageMaker including versions of Lorem Ipsum."}}, {"model": "product.category", "pk": 1, "fields": {"cat_name": "Men", "cat_image": "CatImg/synthetic-full-head-wig-for-mens-hair-extension-for-men-daily-original-imafc76gaxdaub8p.jpeg", "banner_image": "CatBannerImg/download.jpeg", "active": true, "des": "fdgfdsgfdsg"}}, {"model": "product.category", "pk": 2, "fields": {"cat_name": "Women", "cat_image": "CatImg/download_1.jpeg", "banner_image": "CatBannerImg/146669147733121015-vark-red-cotton-kurta-suit-set.jpg", "active": true, "des": "sdafsdaf"}}, {"model": "product.category", "pk": 3, "fields": {"cat_name": "Kids", "cat_image": "CatImg/images.jpeg", "banner_image": "CatBannerImg/images.jpeg", "active": true, "des": "asdfsdaf"}}, {"model": "product.subcategory", "pk": 1, "fields": {"category": 1, "subcat_name": "Clothing", "subcat_image": "SubCatImg/1-500x500.jpg", "banner_image": "", "active": true, "des": "sdfsdf"}}, {"model": "product.subcategory", "pk": 2, "fields": {"category": 1, "subcat_name": "watches", "subcat_image": "SubCatImg/download_9.jpeg", "banner_image": "", "active": true, "des": "fdgsfdg"}}, {"model": "product.subcategory", "pk": 3, "fields": {"category": 1, "subcat_name": "Topwear", "subcat_image": "SubCatImg/11_Top_Men_s_Ethnic_Wear_Trends_ethnicwear_traditionalwear_mensfashion.png", "banner_image": "", "active": true, "des": "fghdfghfgdh"}}, {"model": "product.subcategory", "pk": 4, "fields": {"category": 1, "subcat_name": "Bottomwear", "subcat_image": "SubCatImg/download_2.jpeg", "banner_image": "", "active": true, "des": "dfgsfdg"}}, {"model": "product.subcategory", "pk": 5, "fields": {"category": 2, "subcat_name": "Topwear", "subcat_image": "SubCatImg/Best-Jeans-For-Women-Over-50-1-700x1050.jpg", "banner_image": "", "active": true, "des": "fgsh"}}, {"model": "product.subcategory", "pk": 6, "fields": {"category": 2, "subcat_name": "Bottomwear", "subcat_image": "SubCatImg/Latest-salwar-suit-punjabi-kurta-shalwar-design-for-ladies-casual-wear-SKFAIS2_RzdY3KZ.jpg", "banner_image": "", "active": true, "des": "fghdfghfdghfg"}}, {"model": "product.subcategory", "pk": 7, "fields": {"category": 3, "subcat_name": "Topwear", "subcat_image": "SubCatImg/Karnika-Kids-Wear-Top-With-SDL623599098-1-47e63.jpg", "banner_image": "", "active": true, "des": "dfsdf"}}, {"model": "product.subcategory", "pk": 8, "fields": {"category": 3, "subcat_name": "Bottomwear", "subcat_image": "SubCatImg/download_6.jpeg", "banner_image": "", "active": true, "des": "gfdg"}}, {"model": "product.subcategory", "pk": 9, "fields": {"category": 2, "subcat_name": "Regional T-Shirts", "subcat_image": "SubCatImg/81cz0A9CiaL._UY445_.jpg", "banner_image": "", "active": true, "des": "sdfsdfsdf"}}, {"model": "product.subsubcategory", "pk": 1, "fields": {"category": 1, "subcategory": 1, "subsubcat_name": "Shirt", "subsubcat_image": "SubSubCatImg/download.jpeg", "banner_image": "", "active": true, "des": "dgfdsgssdf"}}, {"model": "product.subsubcategory", "pk": 2, "fields": {"category": 1, "subcategory": 1, "subsubcat_name": "T-shirt", "subsubcat_image": "SubSubCatImg/71ruOc2kYNL._UX342_.jpg", "banner_image": "", "active": true, "des": ""}}, {"model": "product.subsubcategory", "pk": 3, "fields": {"category": 1, "subcategory": 2, "subsubcat_name": "Titan", "subsubcat_image": "SubSubCatImg/Screenshot_from_2019-04-14_09-34-51.png", "banner_image": "SubSubCatBannerImg/Screenshot_from_2019-04-15_21-21-44.png", "active": true, "des": "sss"}}, {"model": "product.subsubcategory", "pk": 4, "fields": {"category": 1, "subcategory": 3, "subsubcat_name": "Graphic T-shirts", "subsubcat_image": "SubSubCatImg/11477651793450-Duke-Stardust-Men-Pack-of-3-Printed-T-shirts-3741477651793140-1.jpg", "banner_image": "", "active": true, "des": "fff"}}, {"model": "product.subsubcategory", "pk": 5, "fields": {"category": 1, "subcategory": 3, "subsubcat_name": "Plain-T shirt", "subsubcat_image": "SubSubCatImg/51mKrvgXUsL._SR500500_.jpg", "banner_image": "", "active": true, "des": "gfhfgdh"}}, {"model": "product.subsubcategory", "pk": 6, "fields": {"category": 1, "subcategory": 4, "subsubcat_name": "Shorts", "subsubcat_image": "SubSubCatImg/DP1215201617094220M.jpeg", "banner_image": "", "active": true, "des": "dfgadfg"}}, {"model": "product.subsubcategory", "pk": 7, "fields": {"category": 2, "subcategory": 5, "subsubcat_name": "Crop Tops", "subsubcat_image": "SubSubCatImg/81cz0A9CiaL._UY445_.jpg", "banner_image": "", "active": true, "des": "sdfsdf"}}, {"model": "product.subsubcategory", "pk": 8, "fields": {"category": 2, "subcategory": 5, "subsubcat_name": "plain T- shirts", "subsubcat_image": "SubSubCatImg/2017-Summer-High-Quality-15-Color-S-2XL-Plain-T-Shirt-Women-Cotton-Elastic-_2DnP5cg.jpg", "banner_image": "", "active": true, "des": "fdgfd"}}, {"model": "product.subsubcategory", "pk": 9, "fields": {"category": 3, "subcategory": 7, "subsubcat_name": "T -shirts", "subsubcat_image": "SubSubCatImg/hmgoepprod.jpeg", "banner_image": "", "active": true, "des": "dsfsdf"}}, {"model": "product.subsubcategory", "pk": 10, "fields": {"category": 3, "subcategory": 8, "subsubcat_name": "Party wear Jeans", "subsubcat_image": "SubSubCatImg/download_8.jpeg", "banner_image": "", "active": true, "des": "shgfh"}}, {"model": "product.subsubcategory", "pk": 11, "fields": {"category": 2, "subcategory": 6, "subsubcat_name": "Jeans", "subsubcat_image": "SubSubCatImg/81cz0A9CiaL._UY445__eBpTuSc.jpg", "banner_image": "", "active": true, "des": "fghfgdhfgd"}}, {"model": "product.subsubcategory", "pk": 12, "fields": {"category": 2, "subcategory": 9, "subsubcat_name": "Punjabi", "subsubcat_image": "SubSubCatImg/146669147733121015-vark-red-cotton-kurta-suit-set.jpg", "banner_image": "SubSubCatBannerImg/146669147733121015-vark-red-cotton-kurta-suit-set.jpg", "active": true, "des": "sadsa"}}, {"model": "product.productfiltertag", "pk": 1, "fields": {"subsubcategory": 1, "tag": "shirt"}}, {"model": "product.productfiltersubtag", "pk": 1, "fields": {"productfiltertag": 1, "subtag": "shirt"}}, {"model": "product.productfiltersubtag", "pk": 2, "fields": {"productfiltertag": 1, "subtag": "shirt"}}, {"model": "product.productfiltersubtag", "pk": 3, "fields": {"productfiltertag": 1, "subtag": "shirt"}}, {"model": "product.homepageimage", "pk": 1, "fields": {"active": true, "image": "homepage/Best-Offers-In-Ecommerce.jpg"}}, {"model": "product.homepageimage", "pk": 2, "fields": {"active": true, "image": "homepage/01_FB-timeline-ecommerce_rG7vX1C.jpg"}}, {"model": "product.colour", "pk": 1, "fields": {"colour_code": "#000000", "name": "Black"}}, {"model": "product.colour", "pk": 2, "fields": {"colour_code": "#FFFFFF", "name": "White"}}, {"model": "product.colour", "pk": 3, "fields": {"colour_code": "#008000", "name": "Green"}}, {"model": "product.colour", "pk": 4, "fields": {"colour_code": "#FF0000", "name": "Red"}}, {"model": "product.colour", "pk": 5, "fields": {"colour_code": "#0000FF", "name": "Blue"}}, {"model": "product.colour", "pk": 6, "fields": {"colour_code": "#FFFF00", "name": "Yellow"}}, {"model": "product.colour", "pk": 7, "fields": {"colour_code": "#FF00FF", "name": "Magenta"}}, {"model": "product.colour", "pk": 8, "fields": {"colour_code": "#C0C0C0", "name": "Silver"}}, {"model": "product.colour", "pk": 9, "fields": {"colour_code": "#800000", "name": "Maroon"}}, {"model": "product.colour", "pk": 10, "fields": {"colour_code": "#A52A2A", "name": "Brown"}}, {"model": "product.colour", "pk": 11, "fields": {"colour_code": "#FFA500", "name": "Orange"}}, {"model": "product.colour", "pk": 12, "fields": {"colour_code": "#0000A0", "name": "DarkBlue"}}, {"model": "product.colour", "pk": 13, "fields": {"colour_code": "#00FFFF", "name": "Cyan"}}, {"model": "product.colour", "pk": 14, "fields": {"colour_code": "#ADD8E6", "name": "LightBlue"}}, {"model": "product.colour", "pk": 15, "fields": {"colour_code": "#808080", "name": "Gray or Grey"}}, {"model": "product.productsizewithqty", "pk": 27, "fields": {"size": "XS", "initial_qty": 23, "available_qty": 23, "stock_status": true}}, {"model": "product.productsizewithqty", "pk": 28, "fields": {"size": "XL", "initial_qty": 22, "available_qty": 22, "stock_status": true}}, {"model": "product.productsizewithqty", "pk": 29, "fields": {"size": "M", "initial_qty": 25, "available_qty": 25, "stock_status": true}}, {"model": "product.productsizewithqty", "pk": 30, "fields": {"size": "L", "initial_qty": 34, "available_qty": 34, "stock_status": true}}, {"model": "product.productsizewithqty", "pk": 31, "fields": {"size": "S", "initial_qty": 3, "available_qty": 3, "stock_status": true}}, {"model": "product.productsizewithqty", "pk": 35, "fields": {"size": "XS", "initial_qty": 2, "available_qty": 2, "stock_status": true}}, {"model": "product.productsizewithqty", "pk": 36, "fields": {"size": "S", "initial_qty": 2, "available_qty": 2, "stock_status": true}}, {"model": "product.productsizewithqty", "pk": 38, "fields": {"size": "XS", "initial_qty": 5, "available_qty": 5, "stock_status": true}}, {"model": "product.productsizewithqty", "pk": 39, "fields": {"size": "S", "initial_qty": 22, "available_qty": 22, "stock_status": true}}, {"model": "product.productsizewithqty", "pk": 40, "fields": {"size": "M", "initial_qty": 5, "available_qty": 5, "stock_status": true}}, {"model": "product.productsizewithqty", "pk": 41, "fields": {"size": "XXXL", "initial_qty": 34, "available_qty": 34, "stock_status": true}}, {"model": "product.productsizewithqty", "pk": 42, "fields": {"size": "M", "initial_qty": 20, "available_qty": 20, "stock_status": true}}, {"model": "product.productsizewithqty", "pk": 43, "fields": {"size": "S", "initial_qty": 34, "available_qty": 34, "stock_status": true}}, {"model": "product.productsizewithqty", "pk": 44, "fields": {"size": "XL", "initial_qty": 65, "available_qty": 65, "stock_status": true}}, {"model": "product.productsizewithqty", "pk": 56, "fields": {"size": "XS", "initial_qty": 12, "available_qty": 12, "stock_status": true}}, {"model": "product.productsizewithqty", "pk": 57, "fields": {"size": "M", "initial_qty": 23, "available_qty": 23, "stock_status": true}}, {"model": "product.productsizewithqty", "pk": 58, "fields": {"size": "XXL", "initial_qty": 32, "available_qty": 32, "stock_status": true}}, {"model": "product.productsizewithqty", "pk": 59, "fields": {"size": "XL", "initial_qty": 2, "available_qty": 2, "stock_status": true}}, {"model": "product.productsizewithqty", "pk": 60, "fields": {"size": "XS", "initial_qty": 23, "available_qty": 23, "stock_status": true}}, {"model": "product.productsizewithqty", "pk": 61, "fields": {"size": "M", "initial_qty": 23, "available_qty": 23, "stock_status": true}}, {"model": "product.productsizewithqty", "pk": 62, "fields": {"size": "XXL", "initial_qty": 23, "available_qty": 23, "stock_status": true}}, {"model": "product.productsizewithqty", "pk": 63, "fields": {"size": "S", "initial_qty": 23, "available_qty": 23, "stock_status": true}}, {"model": "product.productsizewithqty", "pk": 64, "fields": {"size": "M", "initial_qty": 23, "available_qty": 23, "stock_status": true}}, {"model": "product.productsizewithqty", "pk": 65, "fields": {"size": "XXXL", "initial_qty": 34, "available_qty": 34, "stock_status": true}}, {"model": "product.productsizewithqty", "pk": 66, "fields": {"size": "XS", "initial_qty": 34, "available_qty": 34, "stock_status": true}}, {"model": "product.productsizewithqty", "pk": 67, "fields": {"size": "XXXL", "initial_qty": 65, "available_qty": 65, "stock_status": true}}, {"model": "product.productsizewithqty", "pk": 68, "fields": {"size": "XS", "initial_qty": 23, "available_qty": 23, "stock_status": true}}, {"model": "product.productsizewithqty", "pk": 69, "fields": {"size": "S", "initial_qty": 56, "available_qty": 56, "stock_status": true}}, {"model": "product.productsizewithqty", "pk": 70, "fields": {"size": "XS", "initial_qty": 23, "available_qty": 23, "stock_status": true}}, {"model": "product.productsizewithqty", "pk": 71, "fields": {"size": "S", "initial_qty": 3, "available_qty": 3, "stock_status": true}}, {"model": "product.productsizewithqty", "pk": 72, "fields": {"size": "XS", "initial_qty": 23, "available_qty": 23, "stock_status": true}}, {"model": "product.productsizewithqty", "pk": 73, "fields": {"size": "S", "initial_qty": 34, "available_qty": 34, "stock_status": true}}, {"model": "product.productsizewithqty", "pk": 74, "fields": {"size": "M", "initial_qty": 22, "available_qty": 22, "stock_status": true}}, {"model": "product.productsizewithqty", "pk": 78, "fields": {"size": "XS", "initial_qty": 23, "available_qty": 23, "stock_status": true}}, {"model": "product.productsizewithqty", "pk": 79, "fields": {"size": "S", "initial_qty": 12, "available_qty": 12, "stock_status": true}}, {"model": "product.productsizewithqty", "pk": 80, "fields": {"size": "M", "initial_qty": 14, "available_qty": 14, "stock_status": true}}, {"model": "product.productsizewithqty", "pk": 81, "fields": {"size": "L", "initial_qty": 23, "available_qty": 23, "stock_status": true}}, {"model": "product.productsizewithqty", "pk": 82, "fields": {"size": "XS", "initial_qty": 12, "available_qty": 12, "stock_status": true}}, {"model": "product.productsizewithqty", "pk": 83, "fields": {"size": "S", "initial_qty": 12, "available_qty": 12, "stock_status": true}}, {"model": "product.productsizewithqty", "pk": 84, "fields": {"size": "M", "initial_qty": 12, "available_qty": 12, "stock_status": true}}, {"model": "product.productsizewithqty", "pk": 85, "fields": {"size": "L", "initial_qty": 23, "available_qty": 23, "stock_status": true}}, {"model": "product.productsizewithqty", "pk": 86, "fields": {"size": "XL", "initial_qty": 32, "available_qty": 32, "stock_status": true}}, {"model": "product.productsizewithqty", "pk": 87, "fields": {"size": "XXL", "initial_qty": 23, "available_qty": 23, "stock_status": true}}, {"model": "product.productsizewithqty", "pk": 88, "fields": {"size": "XS", "initial_qty": 23, "available_qty": 23, "stock_status": true}}, {"model": "product.productsizewithqty", "pk": 89, "fields": {"size": "S", "initial_qty": 34, "available_qty": 34, "stock_status": true}}, {"model": "product.productsizewithqty", "pk": 90, "fields": {"size": "S", "initial_qty": 34, "available_qty": 34, "stock_status": true}}, {"model": "product.productsizewithqty", "pk": 91, "fields": {"size": "XS", "initial_qty": 2, "available_qty": 2, "stock_status": true}}, {"model": "product.productsizewithqty", "pk": 92, "fields": {"size": "S", "initial_qty": 12, "available_qty": 12, "stock_status": true}}, {"model": "product.productsizewithqty", "pk": 93, "fields": {"size": "XL", "initial_qty": 23, "available_qty": 23, "stock_status": true}}, {"model": "product.productsizewithqty", "pk": 94, "fields": {"size": "XL", "initial_qty": 45, "available_qty": 45, "stock_status": true}}, {"model": "product.productsizewithqty", "pk": 95, "fields": {"size": "XS", "initial_qty": 120, "available_qty": 120, "stock_status": true}}, {"model": "product.productsizewithqty", "pk": 97, "fields": {"size": "S", "initial_qty": 23, "available_qty": 23, "stock_status": true}}, {"model": "product.productsizewithqty", "pk": 98, "fields": {"size": "S", "initial_qty": 5, "available_qty": 5, "stock_status": true}}, {"model": "product.productsizewithqty", "pk": 99, "fields": {"size": "M", "initial_qty": 5, "available_qty": 5, "stock_status": true}}, {"model": "product.productsizewithqty", "pk": 100, "fields": {"size": "L", "initial_qty": 7, "available_qty": 7, "stock_status": true}}, {"model": "product.productsizewithqty", "pk": 101, "fields": {"size": "XL", "initial_qty": 2, "available_qty": 2, "stock_status": true}}, {"model": "product.productsizewithqty", "pk": 102, "fields": {"size": "S", "initial_qty": 23, "available_qty": 23, "stock_status": true}}, {"model": "product.productsizewithqty", "pk": 103, "fields": {"size": "M", "initial_qty": 33, "available_qty": 33, "stock_status": true}}, {"model": "product.productsizewithqty", "pk": 104, "fields": {"size": "XL", "initial_qty": 34, "available_qty": 34, "stock_status": true}}, {"model": "product.productsizewithqty", "pk": 105, "fields": {"size": "L", "initial_qty": 34, "available_qty": 34, "stock_status": true}}, {"model": "product.productavailablecolourwithsizeqty", "pk": 1, "fields": {"colour": 1, "actual_price": 4000, "special_price": 2000, "offer": "50", "is_active": true, "size_and_qty": [67]}}, {"model": "product.productavailablecolourwithsizeqty", "pk": 2, "fields": {"colour": 2, "actual_price": 5000, "special_price": 1000, "offer": "80", "is_active": true, "size_and_qty": [42, 43, 44]}}, {"model": "product.productavailablecolourwithsizeqty", "pk": 3, "fields": {"colour": 3, "actual_price": 10000, "special_price": 5000, "offer": "50", "is_active": true, "size_and_qty": [66]}}, {"model": "product.productavailablecolourwithsizeqty", "pk": 4, "fields": {"colour": 2, "actual_price": 4444, "special_price": 111, "offer": "97", "is_active": true, "size_and_qty": [56, 57, 58, 59]}}, {"model": "product.productavailablecolourwithsizeqty", "pk": 5, "fields": {"colour": 3, "actual_price": 2222, "special_price": 1111, "offer": "50", "is_active": true, "size_and_qty": [97]}}, {"model": "product.productavailablecolourwithsizeqty", "pk": 6, "fields": {"colour": 1, "actual_price": 2000, "special_price": 1200, "offer": "40", "is_active": true, "size_and_qty": [63, 64, 65]}}, {"model": "product.productavailablecolourwithsizeqty", "pk": 7, "fields": {"colour": 2, "actual_price": 2222, "special_price": 2220, "offer": "0", "is_active": true, "size_and_qty": [35, 36]}}, {"model": "product.productavailablecolourwithsizeqty", "pk": 8, "fields": {"colour": 2, "actual_price": 4444, "special_price": 2222, "offer": "50", "is_active": true, "size_and_qty": [70, 71]}}, {"model": "product.productavailablecolourwithsizeqty", "pk": 10, "fields": {"colour": 1, "actual_price": 5212, "special_price": 2000, "offer": "61", "is_active": true, "size_and_qty": [27, 28, 29, 30, 31]}}, {"model": "product.productavailablecolourwithsizeqty", "pk": 11, "fields": {"colour": 2, "actual_price": 3400, "special_price": 2300, "offer": "32", "is_active": true, "size_and_qty": [68, 69]}}, {"model": "product.productavailablecolourwithsizeqty", "pk": 12, "fields": {"colour": 2, "actual_price": 5400, "special_price": 2000, "offer": "62", "is_active": true, "size_and_qty": [60, 61, 62]}}, {"model": "product.productavailablecolourwithsizeqty", "pk": 13, "fields": {"colour": 2, "actual_price": 1500, "special_price": 1200, "offer": "20", "is_active": true, "size_and_qty": [40, 41]}}, {"model": "product.productavailablecolourwithsizeqty", "pk": 14, "fields": {"colour": 1, "actual_price": 10000, "special_price": 5000, "offer": "50", "is_active": true, "size_and_qty": [38, 39]}}, {"model": "product.productavailablecolourwithsizeqty", "pk": 15, "fields": {"colour": 3, "actual_price": 4444, "special_price": 222, "offer": "95", "is_active": true, "size_and_qty": [72, 73, 74]}}, {"model": "product.productavailablecolourwithsizeqty", "pk": 16, "fields": {"colour": 1, "actual_price": 5100, "special_price": 2100, "offer": "58", "is_active": true, "size_and_qty": [80, 81, 78, 79]}}, {"model": "product.productavailablecolourwithsizeqty", "pk": 17, "fields": {"colour": 3, "actual_price": 5000, "special_price": 2000, "offer": "60", "is_active": true, "size_and_qty": [82, 83, 84, 85, 86, 87]}}, {"model": "product.productavailablecolourwithsizeqty", "pk": 18, "fields": {"colour": 3, "actual_price": 4444, "special_price": 333, "offer": "92", "is_active": true, "size_and_qty": [88, 89]}}, {"model": "product.productavailablecolourwithsizeqty", "pk": 19, "fields": {"colour": 2, "actual_price": 454, "special_price": 243, "offer": "46", "is_active": true, "size_and_qty": [90, 91]}}, {"model": "product.productavailablecolourwithsizeqty", "pk": 22, "fields": {"colour": 2, "actual_price": 1100, "special_price": 230, "offer": "79", "is_active": true, "size_and_qty": [94, 95]}}, {"model": "product.productavailablecolourwithsizeqty", "pk": 23, "fields": {"colour": 5, "actual_price": 50, "special_price": 45, "offer": "10", "is_active": true, "size_and_qty": [98, 99, 100, 101]}}, {"model": "product.productavailablecolourwithsizeqty", "pk": 24, "fields": {"colour": 2, "actual_price": 4444, "special_price": 3333, "offer": "25", "is_active": true, "size_and_qty": [104, 105, 102, 103]}}, {"model": "product.productimagebycolour", "pk": 1, "fields": {"product_colour_id": 1, "image": "Product/OtherImg/71ruOc2kYNL._UX342_.jpg"}}, {"model": "product.productimagebycolour", "pk": 2, "fields": {"product_colour_id": 2, "image": "Product/OtherImg/2_20d30c52-f2df-4f0b-963d-f4d9ac019009_grande.jpg"}}, {"model": "product.productimagebycolour", "pk": 3, "fields": {"product_colour_id": 1, "image": "Product/OtherImg/az-large-1716999.jpg"}}, {"model": "product.productimagebycolour", "pk": 4, "fields": {"product_colour_id": 2, "image": "Product/OtherImg/formal-white-shirt-500x500.jpg"}}, {"model": "product.productimagebycolour", "pk": 5, "fields": {"product_colour_id": 2, "image": "Product/OtherImg/61phnDgvomL._UX342_.jpg"}}, {"model": "product.productimagebycolour", "pk": 6, "fields": {"product_colour_id": 1, "image": "Product/OtherImg/az-large-1716999_TpXQIEZ.jpg"}}, {"model": "product.productimagebycolour", "pk": 7, "fields": {"product_colour_id": 3, "image": "Product/OtherImg/51mKrvgXUsL._SR500500_.jpg"}}, {"model": "product.productimagebycolour", "pk": 8, "fields": {"product_colour_id": 3, "image": "Product/OtherImg/51mKrvgXUsL._SR500500__knh94zA.jpg"}}, {"model": "product.productimagebycolour", "pk": 9, "fields": {"product_colour_id": 3, "image": "Product/OtherImg/GUEST_4a524403-220e-442a-9c35-4e5316eb704e.jpeg"}}, {"model": "product.productimagebycolour", "pk": 10, "fields": {"product_colour_id": 4, "image": "Product/OtherImg/61phnDgvomL._UX342__MGnCI74.jpg"}}, {"model": "product.productimagebycolour", "pk": 11, "fields": {"product_colour_id": 4, "image": "Product/OtherImg/1553120277-theory-1553120269.jpg"}}, {"model": "product.productimagebycolour", "pk": 12, "fields": {"product_colour_id": 5, "image": "Product/OtherImg/GUEST_4a524403-220e-442a-9c35-4e5316eb704e_Cb3glyk.jpeg"}}, {"model": "product.productimagebycolour", "pk": 13, "fields": {"product_colour_id": 6, "image": "Product/OtherImg/79ef3b28-5d4b-418c-adab-86717ae99a851527165420804-ether-BlackAnti-Micro_mq66FjM.jpg"}}, {"model": "product.productimagebycolour", "pk": 14, "fields": {"product_colour_id": 6, "image": "Product/OtherImg/71ruOc2kYNL._UX342__0B6lGWa.jpg"}}, {"model": "product.productimagebycolour", "pk": 15, "fields": {"product_colour_id": 7, "image": "Product/OtherImg/1553120277-theory-1553120269_7Dl9HCb.jpg"}}, {"model": "product.productimagebycolour", "pk": 16, "fields": {"product_colour_id": 7, "image": "Product/OtherImg/formal-white-shirt-500x500_IFSTNin.jpg"}}, {"model": "product.productimagebycolour", "pk": 17, "fields": {"product_colour_id": 8, "image": "Product/OtherImg/1553120277-theory-1553120269_isLjFRs.jpg"}}, {"model": "product.productimagebycolour", "pk": 20, "fields": {"product_colour_id": 10, "image": "Product/OtherImg/79ef3b28-5d4b-418c-adab-86717ae99a851527165420804-ether-BlackAnti-Micro_xK7eivl.jpg"}}, {"model": "product.productimagebycolour", "pk": 21, "fields": {"product_colour_id": 10, "image": "Product/OtherImg/download_3.jpeg"}}, {"model": "product.productimagebycolour", "pk": 22, "fields": {"product_colour_id": 11, "image": "Product/OtherImg/1553120277-theory-1553120269_HZgVdJQ.jpg"}}, {"model": "product.productimagebycolour", "pk": 23, "fields": {"product_colour_id": 11, "image": "Product/OtherImg/74cb7e15-a285-40cc-a294-c157ed6fa8b2_1.b9ab5eb83cad0a612996470fbe7917c3.jpeg"}}, {"model": "product.productimagebycolour", "pk": 24, "fields": {"product_colour_id": 12, "image": "Product/OtherImg/1553120277-theory-1553120269_z9cza9y.jpg"}}, {"model": "product.productimagebycolour", "pk": 25, "fields": {"product_colour_id": 12, "image": "Product/OtherImg/download_2.jpeg"}}, {"model": "product.productimagebycolour", "pk": 26, "fields": {"product_colour_id": 13, "image": "Product/OtherImg/w1.jpeg"}}, {"model": "product.productimagebycolour", "pk": 27, "fields": {"product_colour_id": 13, "image": "Product/OtherImg/w2.jpeg"}}, {"model": "product.productimagebycolour", "pk": 28, "fields": {"product_colour_id": 13, "image": "Product/OtherImg/w3.jpeg"}}, {"model": "product.productimagebycolour", "pk": 29, "fields": {"product_colour_id": 13, "image": "Product/OtherImg/w4.jpeg"}}, {"model": "product.productimagebycolour", "pk": 30, "fields": {"product_colour_id": 14, "image": "Product/OtherImg/b1.jpeg"}}, {"model": "product.productimagebycolour", "pk": 31, "fields": {"product_colour_id": 14, "image": "Product/OtherImg/b2.jpeg"}}, {"model": "product.productimagebycolour", "pk": 32, "fields": {"product_colour_id": 14, "image": "Product/OtherImg/b3.jpeg"}}, {"model": "product.productimagebycolour", "pk": 33, "fields": {"product_colour_id": 14, "image": "Product/OtherImg/b4.jpeg"}}, {"model": "product.productimagebycolour", "pk": 34, "fields": {"product_colour_id": 15, "image": "Product/OtherImg/51mKrvgXUsL._SR500500__59jJ3oJ.jpg"}}, {"model": "product.productimagebycolour", "pk": 35, "fields": {"product_colour_id": 16, "image": "Product/OtherImg/71ruOc2kYNL._UX342__vew1m1X.jpg"}}, {"model": "product.productimagebycolour", "pk": 36, "fields": {"product_colour_id": 17, "image": "Product/OtherImg/51mKrvgXUsL._SR500500__Z8jDeAx.jpg"}}, {"model": "product.productimagebycolour", "pk": 37, "fields": {"product_colour_id": 18, "image": "Product/OtherImg/51mKrvgXUsL._SR500500__A5d8u3f.jpg"}}, {"model": "product.productimagebycolour", "pk": 38, "fields": {"product_colour_id": 19, "image": "Product/OtherImg/1553120277-theory-1553120269_UmgksHz.jpg"}}, {"model": "product.productimagebycolour", "pk": 41, "fields": {"product_colour_id": 22, "image": "Product/OtherImg/man_KeZyPe8.jpeg"}}, {"model": "product.productimagebycolour", "pk": 42, "fields": {"product_colour_id": 23, "image": "Product/OtherImg/6855452406_2_1_1.jpg"}}, {"model": "product.productimagebycolour", "pk": 43, "fields": {"product_colour_id": 23, "image": "Product/OtherImg/6855452406_2_2_1.jpg"}}, {"model": "product.productimagebycolour", "pk": 44, "fields": {"product_colour_id": 23, "image": "Product/OtherImg/6855452406_2_3_1.jpg"}}, {"model": "product.productimagebycolour", "pk": 45, "fields": {"product_colour_id": 24, "image": "Product/OtherImg/74cb7e15-a285-40cc-a294-c157ed6fa8b2_1.b9ab5eb83cad0a612996470fbe7917c_3qKKoCd.jpeg"}}, {"model": "product.product", "pk": 1, "fields": {"category": 1, "subcategory": 1, "subsubcategory": 1, "user": 3, "usercategory": null, "name": "Blue Full Shirt", "total_quantity": 50, "description": "Lorem Ipsum is simply dummy text of the printing and typesetting industry. Lorem Ipsum has been the industry's standard dummy text ever since the 1500s, when an unknown printer took a galley of type and scrambled it to make a type specimen book. It has survived not only five centuries, but also the leap into electronic typesetting, remaining essentially unchanged. It was popularised in the 1960s with the release of Letraset sheets containing Lorem Ipsum passages, and more recently with desktop publishing software like Aldus PageM", "avg_rating": 2.0, "more_info": "Lorem Ipsum is simply dummy text of the printing and typesetting industry. Lorem Ipsum has been the industry's standard dummy text ever since the 1500s, when an unknown printer took a galley of type and scrambled it to make a type specimen book. It has survived not only five centuries, but also the leap into electronic typesetting, remaining essentially unchanged. It was popularised in the 1960s with the release of Letraset sheets containing Lorem Ipsum passages, and more recently with desktop publishing software like Aldus PageM", "isfree_delivery": false, "active": true, "main_img": "Product/MainImg/download_ZwggUKk.jpeg", "material": "cotton", "fit": "regular", "pattern": "Normal", "fabric": "weaving", "brand": "Levis", "created_date": "2019-05-02T08:03:21.734Z", "qty_sold": 20, "min_price": 222, "offer_of_min": 95, "is_row": false, "usersection": [1, 2, 3, 4], "product_filter_tag": [1], "available_colours": [1, 2, 15]}}, {"model": "product.product", "pk": 2, "fields": {"category": 1, "subcategory": 1, "subsubcategory": 2, "user": 4, "usercategory": null, "name": "Full Sleeve T-Shirt", "total_quantity": 20, "description": "Lorem Ipsum is simply dummy text of the printing and typesetting industry. Lorem Ipsum has been the industry's standard dummy text ever since the 1500s, when an unknown printer took a galley of type and scrambled it to make a type specimen book. It has survived not only five ce", "avg_rating": 5.0, "more_info": "Lorem Ipsum is simply dummy text of the printing and typesetting industry. Lorem Ipsum has been the industry's standard dummy text ever since the 1500s, when an unknown printer took a galley of type and scrambled it to make a type specimen book. It has survived not only five ce", "isfree_delivery": true, "active": true, "main_img": "Product/MainImg/az-large-79795_UD2DuaL.jpg", "material": "gfg", "fit": "546", "pattern": "solid", "fabric": "red", "brand": "fgdh", "created_date": "2019-05-02T13:43:34.678Z", "qty_sold": 20, "min_price": 1000, "offer_of_min": 80, "is_row": true, "usersection": [1, 2, 3, 4], "product_filter_tag": [1], "available_colours": [1, 2, 3]}}, {"model": "product.product", "pk": 3, "fields": {"category": 2, "subcategory": 5, "subsubcategory": 7, "user": 4, "usercategory": 1, "name": "Fancy - shirt", "total_quantity": null, "description": "Lorem Ipsum is simply dummy text of the printing and typesetting industry. Lorem Ipsum has been the industry's standard dummy text ever since the 1500s, when an unknown printer took a galley of type and scrambled it to make a type specimen book. It has survived not only five centuries, bu", "avg_rating": 5.0, "more_info": "Lorem Ipsum is simply dummy text of the printing and typesetting industry. Lorem Ipsum has been the industry's standard dummy text ever since the 1500s, when an unknown printer took a galley of type and scrambled it to make a type specimen book. It has survived not only five centuries, bu", "isfree_delivery": false, "active": true, "main_img": "Product/MainImg/Ants-Cotton-Lycra-Crop-Tops-SDL311180913-1-0e8d8.jpg", "material": "cotton", "fit": "regular", "pattern": "solid", "fabric": "regular", "brand": null, "created_date": "2019-05-03T15:18:50.306Z", "qty_sold": 10, "min_price": 111, "offer_of_min": 97, "is_row": false, "usersection": [], "product_filter_tag": [1], "available_colours": [4, 5]}}, {"model": "product.product", "pk": 4, "fields": {"category": 1, "subcategory": 3, "subsubcategory": 4, "user": 4, "usercategory": 1, "name": "Shirt", "total_quantity": null, "description": "Lorem Ipsum is simply dummy text of the printing and typesetting industry. Lorem Ipsum has been the industry's standard dummy text ever since the 1500s, when an unknown printer took a galley of type and scrambled it to make a type specimen book. It has survived not only five centuries, bu", "avg_rating": 4.0, "more_info": "Lorem Ipsum is simply dummy text of the printing and typesetting industry. Lorem Ipsum has been the industry's standard dummy text ever since the 1500s, when an unknown printer took a galley of type and scrambled it to make a type specimen book. It has survived not only five centuries, bu", "isfree_delivery": false, "active": true, "main_img": "Product/MainImg/79ef3b28-5d4b-418c-adab-86717ae99a851527165420804-ether-BlackAnti-Microb_wyrEdTD.jpg", "material": "plastic", "fit": "unfit", "pattern": "solid", "fabric": "sdfsd", "brand": null, "created_date": "2019-05-03T15:21:42.205Z", "qty_sold": 23, "min_price": 1200, "offer_of_min": 40, "is_row": false, "usersection": [], "product_filter_tag": [1], "available_colours": [6, 7]}}, {"model": "product.product", "pk": 5, "fields": {"category": 1, "subcategory": 1, "subsubcategory": 2, "user": 11, "usercategory": null, "name": "Latest Product", "total_quantity": null, "description": "from designer_stylist.models import Profile", "avg_rating": 0.0, "more_info": "from designer_stylist.models import Profile", "isfree_delivery": false, "active": true, "main_img": "Product/MainImg/71ruOc2kYNL._UX342_.jpg", "material": "fdsgsfdg", "fit": "546", "pattern": "solid", "fabric": "sdfsd", "brand": null, "created_date": "2019-05-04T06:02:44.783Z", "qty_sold": null, "min_price": 2222, "offer_of_min": 50, "is_row": false, "usersection": [], "product_filter_tag": [1], "available_colours": [8]}}, {"model": "product.product", "pk": 7, "fields": {"category": 1, "subcategory": 1, "subsubcategory": 2, "user": 11, "usercategory": null, "name": "check", "total_quantity": null, "description": "Lorem Ipsum is simply dummy text of the printing and typesetting industry. Lorem Ipsum has been the industry's standard dummy text ever since the 1500s, when an unknown printer took a galley of type and scrambled it to make a type specimen book. It has survived not only five centuries,", "avg_rating": 0.0, "more_info": "Lorem Ipsum is simply dummy text of the printing and typesetting industry. Lorem Ipsum has been the industry's standard dummy text ever since the 1500s, when an unknown printer took a galley of type and scrambled it to make a type specimen book. It has survived not only five centuries,", "isfree_delivery": false, "active": true, "main_img": "Product/MainImg/1-500x500_1_yalpgJC.jpg", "material": "cotton", "fit": "regular", "pattern": "solid", "fabric": "sfdgsfd", "brand": null, "created_date": "2019-05-04T11:27:25.884Z", "qty_sold": null, "min_price": 2000, "offer_of_min": 61, "is_row": false, "usersection": [], "product_filter_tag": [1], "available_colours": [10, 11]}}, {"model": "product.product", "pk": 8, "fields": {"category": 1, "subcategory": 3, "subsubcategory": 5, "user": 4, "usercategory": 1, "name": "style123", "total_quantity": null, "description": "Lorem Ipsum is simply dummy text of the printing and typesetting industry. Lorem Ipsum has been the industry's standard dummy text ever since the 1500s, when an unknown printer took a galley of type and scrambled it to make a type specimen book. It has survived not only five centuries, but also the leap into electronic typesetting, remaining essentially unchanged. It was popularised in the 1960s with the release of Letraset sheets containing Lorem Ipsum passages, and more recently with desktop publishing software like Aldus PageMaker including versions of Lorem Ipsum.", "avg_rating": 3.0, "more_info": "Lorem Ipsum is simply dummy text of the printing and typesetting industry. Lorem Ipsum has been the industry's standard dummy text ever since the 1500s, when an unknown printer took a galley of type and scrambled it to make a type specimen book. It has survived not only five centuries, but also the leap into electronic typesetting, remaining essentially unchanged. It was popularised in the 1960s with the release of Letraset sheets containing Lorem Ipsum passages, and more recently with desktop publishing software like Aldus PageMaker including versions of Lorem Ipsum.", "isfree_delivery": false, "active": true, "main_img": "Product/MainImg/1-500x500_kvlTFjp.jpg", "material": "nylon", "fit": "slim", "pattern": "solid", "fabric": "trywr", "brand": null, "created_date": "2019-05-04T13:17:26.859Z", "qty_sold": 1, "min_price": 2000, "offer_of_min": 62, "is_row": false, "usersection": [], "product_filter_tag": [1], "available_colours": [12, 16, 17]}}, {"model": "product.product", "pk": 9, "fields": {"category": 1, "subcategory": 1, "subsubcategory": 1, "user": 3, "usercategory": null, "name": "Cartoon look", "total_quantity": null, "description": "Soft shirt with cartoon print...looks cool.", "avg_rating": 2.0, "more_info": "All new prints are available in stock.", "isfree_delivery": false, "active": true, "main_img": "Product/MainImg/a4.jpeg", "material": "cotton stuff", "fit": "slim", "pattern": "Cartoon print", "fabric": "soft", "brand": null, "created_date": "2019-05-06T09:37:44.480Z", "qty_sold": 2, "min_price": 1200, "offer_of_min": 20, "is_row": false, "usersection": [], "product_filter_tag": [1], "available_colours": [13, 14]}}, {"model": "product.product", "pk": 10, "fields": {"category": 3, "subcategory": 7, "subsubcategory": 9, "user": 4, "usercategory": 1, "name": "kids t shirts", "total_quantity": null, "description": "sdafasdfLorem Ipsum is simply dummy text of the printing and typesetting industry. Lorem Ipsum has been the industry's standard dummy text ever since the 1500s, when an unknown printer took a galley of type and scrambled it to make a type specimen book. It has survived not only five centuries, but also the leap into electronic typesetting, remaining essentially unchanged. It was popularised in the 1960s with the release of Letraset sheets containing Lorem Ipsum passages, and more recently with desktop publishing software like Aldus PageMaker including versions of Lorem Ipsum.", "avg_rating": 1.0, "more_info": "Lorem Ipsum is simply dummy text of the printing and typesetting industry. Lorem Ipsum has been the industry's standard dummy text ever since the 1500s, when an unknown printer took a galley of type and scrambled it to make a type specimen book. It has survived not only five centuries, but also the leap into electronic typesetting, remaining essentially unchanged. It was popularised in the 1960s with the release of Letraset sheets containing Lorem Ipsum passages, and more recently with desktop publishing software like Aldus PageMaker including versions of Lorem Ipsum.", "isfree_delivery": false, "active": true, "main_img": "Product/MainImg/images_IeuSev9.jpeg", "material": "dsfsd", "fit": "regular", "pattern": "solid", "fabric": "pur cotton", "brand": null, "created_date": "2019-05-06T12:16:15.085Z", "qty_sold": 1, "min_price": 243, "offer_of_min": 46, "is_row": false, "usersection": [6], "product_filter_tag": [1], "available_colours": [18, 19]}}, {"model": "product.product", "pk": 11, "fields": {"category": 2, "subcategory": 6, "subsubcategory": 11, "user": 1, "usercategory": null, "name": "Funky jeans", "total_quantity": null, "description": "cffsssssssss", "avg_rating": 0.0, "more_info": "dddfffffff", "isfree_delivery": false, "active": true, "main_img": "Product/MainImg/w2.jpeg", "material": "Soft and feather ful.....", "fit": "slim fit", "pattern": "dotted and good look", "fabric": "soft", "brand": null, "created_date": "2019-05-06T13:05:15.768Z", "qty_sold": null, "min_price": 230, "offer_of_min": 79, "is_row": false, "usersection": [], "product_filter_tag": [1], "available_colours": [22]}}, {"model": "product.product", "pk": 13, "fields": {"category": 1, "subcategory": 4, "subsubcategory": 6, "user": 1, "usercategory": null, "name": "RIPPED JEANS", "total_quantity": null, "description": "Five-pocket skinny jeans with faded, overlocked, and ripped details on the legs. Zip fly and top button fastening in the front.", "avg_rating": 0.0, "more_info": "Five-pocket skinny jeans with faded, overlocked, and ripped details on the legs. Zip fly and top button fastening in the front.", "isfree_delivery": false, "active": true, "main_img": "Product/MainImg/6855452406_1_1_1.jpg", "material": "Jean", "fit": "skinny", "pattern": "plain", "fabric": "Jean", "brand": null, "created_date": "2019-05-14T11:12:00.633Z", "qty_sold": null, "min_price": 45, "offer_of_min": 10, "is_row": false, "usersection": [], "product_filter_tag": [], "available_colours": [23]}}, {"model": "product.product", "pk": 14, "fields": {"category": 1, "subcategory": 4, "subsubcategory": 6, "user": 1, "usercategory": null, "name": "sdfsafs", "total_quantity": null, "description": "fsdaf", "avg_rating": 0.0, "more_info": "sdafsad", "isfree_delivery": false, "active": false, "main_img": "Product/MainImg/61phnDgvomL._UX342_.jpg", "material": "sdfasfs", "fit": "sdasf", "pattern": "sdaf", "fabric": "sadfsd", "brand": null, "created_date": "2019-05-15T06:56:59.430Z", "qty_sold": null, "min_price": 3333, "offer_of_min": 25, "is_row": false, "usersection": [], "product_filter_tag": [], "available_colours": [24]}}, {"model": "product.customerproductwishlist", "pk": 3, "fields": {"product": 1, "user": 2, "selected_size": null, "selected_colour": null, "created": "2019-05-02T12:56:30.521Z"}}, {"model": "product.customerproductwishlist", "pk": 5, "fields": {"product": 1, "user": 6, "selected_size": null, "selected_colour": null, "created": "2019-05-03T09:10:25.189Z"}}, {"model": "product.customerproductwishlist", "pk": 7, "fields": {"product": 1, "user": 5, "selected_size": null, "selected_colour": null, "created": "2019-05-03T10:54:35.915Z"}}, {"model": "product.customerproductwishlist", "pk": 8, "fields": {"product": 2, "user": 6, "selected_size": null, "selected_colour": null, "created": "2019-05-03T12:45:47.733Z"}}, {"model": "product.customerproductwishlist", "pk": 11, "fields": {"product": 2, "user": 7, "selected_size": null, "selected_colour": null, "created": "2019-05-03T12:51:51.465Z"}}, {"model": "product.customerproductwishlist", "pk": 12, "fields": {"product": 1, "user": 7, "selected_size": null, "selected_colour": null, "created": "2019-05-03T12:55:31.293Z"}}, {"model": "product.customerproductwishlist", "pk": 16, "fields": {"product": 2, "user": 10, "selected_size": null, "selected_colour": null, "created": "2019-05-03T16:16:34.164Z"}}, {"model": "product.customerproductwishlist", "pk": 17, "fields": {"product": 1, "user": 10, "selected_size": null, "selected_colour": null, "created": "2019-05-03T16:17:01.884Z"}}, {"model": "product.customerproductwishlist", "pk": 18, "fields": {"product": 1, "user": 14, "selected_size": null, "selected_colour": null, "created": "2019-05-04T16:34:49.064Z"}}, {"model": "product.customerproductwishlist", "pk": 19, "fields": {"product": 7, "user": 15, "selected_size": null, "selected_colour": null, "created": "2019-05-06T10:01:08.182Z"}}, {"model": "product.customerproductwishlist", "pk": 24, "fields": {"product": 2, "user": 18, "selected_size": null, "selected_colour": null, "created": "2019-05-06T12:53:33.713Z"}}, {"model": "product.customerproductwishlist", "pk": 25, "fields": {"product": 1, "user": 18, "selected_size": null, "selected_colour": null, "created": "2019-05-06T12:56:46.127Z"}}, {"model": "product.customerproductwishlist", "pk": 26, "fields": {"product": 9, "user": 17, "selected_size": null, "selected_colour": null, "created": "2019-05-06T12:59:13.446Z"}}, {"model": "product.customerproductwishlist", "pk": 29, "fields": {"product": 1, "user": 15, "selected_size": null, "selected_colour": null, "created": "2019-05-06T14:09:53.553Z"}}, {"model": "product.customerproductwishlist", "pk": 30, "fields": {"product": 1, "user": 19, "selected_size": null, "selected_colour": null, "created": "2019-05-07T05:07:55.999Z"}}, {"model": "product.customerproductwishlist", "pk": 31, "fields": {"product": 1, "user": 17, "selected_size": null, "selected_colour": null, "created": "2019-05-07T05:14:54.071Z"}}, {"model": "product.customerproductwishlist", "pk": 34, "fields": {"product": 1, "user": 21, "selected_size": null, "selected_colour": null, "created": "2019-05-08T23:18:47.750Z"}}, {"model": "product.customerproductwishlist", "pk": 35, "fields": {"product": 2, "user": 21, "selected_size": null, "selected_colour": null, "created": "2019-05-08T23:19:22.067Z"}}, {"model": "product.customerproductwishlist", "pk": 36, "fields": {"product": 3, "user": 20, "selected_size": null, "selected_colour": null, "created": "2019-05-09T00:35:54.482Z"}}, {"model": "product.customerproductwishlist", "pk": 37, "fields": {"product": 11, "user": 21, "selected_size": null, "selected_colour": null, "created": "2019-05-09T01:56:38.150Z"}}, {"model": "product.customerproductwishlist", "pk": 38, "fields": {"product": 1, "user": 24, "selected_size": null, "selected_colour": null, "created": "2019-05-09T09:32:19.931Z"}}, {"model": "product.customerproductwishlist", "pk": 39, "fields": {"product": 10, "user": 21, "selected_size": null, "selected_colour": null, "created": "2019-05-10T03:02:47.566Z"}}, {"model": "product.customerproductwishlist", "pk": 41, "fields": {"product": 10, "user": 12, "selected_size": null, "selected_colour": null, "created": "2019-05-11T03:31:46.165Z"}}, {"model": "product.customerproductwishlist", "pk": 43, "fields": {"product": 10, "user": 23, "selected_size": null, "selected_colour": null, "created": "2019-05-13T12:36:45.141Z"}}, {"model": "product.customerproductwishlist", "pk": 44, "fields": {"product": 2, "user": 1, "selected_size": null, "selected_colour": null, "created": "2019-05-13T12:41:32.663Z"}}, {"model": "product.customerproductwishlist", "pk": 46, "fields": {"product": 4, "user": 15, "selected_size": null, "selected_colour": null, "created": "2019-05-13T12:51:37.532Z"}}, {"model": "product.customerproductwishlist", "pk": 48, "fields": {"product": 1, "user": 27, "selected_size": null, "selected_colour": null, "created": "2019-05-13T13:19:46.518Z"}}, {"model": "product.customerproductwishlist", "pk": 49, "fields": {"product": 10, "user": 27, "selected_size": null, "selected_colour": null, "created": "2019-05-13T13:22:37.330Z"}}, {"model": "product.customerproductwishlist", "pk": 51, "fields": {"product": 10, "user": 28, "selected_size": null, "selected_colour": null, "created": "2019-05-13T13:28:08.136Z"}}, {"model": "product.customerproductwishlist", "pk": 52, "fields": {"product": 8, "user": 27, "selected_size": null, "selected_colour": null, "created": "2019-05-13T13:28:28.715Z"}}, {"model": "product.customerproductwishlist", "pk": 53, "fields": {"product": 1, "user": 26, "selected_size": null, "selected_colour": null, "created": "2019-05-13T14:07:25.778Z"}}, {"model": "product.customerproductwishlist", "pk": 54, "fields": {"product": 10, "user": 15, "selected_size": null, "selected_colour": null, "created": "2019-05-14T11:26:52.723Z"}}, {"model": "product.customerproductwishlist", "pk": 56, "fields": {"product": 13, "user": 32, "selected_size": null, "selected_colour": null, "created": "2019-05-14T13:08:32.491Z"}}, {"model": "product.customerproductwishlist", "pk": 58, "fields": {"product": 5, "user": 20, "selected_size": null, "selected_colour": null, "created": "2019-05-14T15:38:08.188Z"}}, {"model": "product.customerproductwishlist", "pk": 59, "fields": {"product": 1, "user": 1, "selected_size": null, "selected_colour": null, "created": "2019-05-15T06:13:44.370Z"}}, {"model": "product.customerproductwishlist", "pk": 60, "fields": {"product": 13, "user": 10, "selected_size": null, "selected_colour": null, "created": "2019-05-16T05:24:09.806Z"}}, {"model": "product.customerproductcart", "pk": 132, "fields": {"product": 11, "user": 23, "selected_size": "XL", "selected_colour": 22, "selected_quantity": 1, "created": "2019-05-17T07:16:48.844Z", "is_ordered": false}}, {"model": "product.customerproductcart", "pk": 133, "fields": {"product": 11, "user": 23, "selected_size": "XS", "selected_colour": 22, "selected_quantity": 1, "created": "2019-05-17T07:20:16.649Z", "is_ordered": false}}, {"model": "product.customerproductcart", "pk": 135, "fields": {"product": 2, "user": 1, "selected_size": "XL", "selected_colour": 3, "selected_quantity": 1, "created": "2019-05-17T07:22:07.414Z", "is_ordered": true}}, {"model": "product.customerproductcart", "pk": 137, "fields": {"product": 11, "user": 15, "selected_size": "XS", "selected_colour": 2, "selected_quantity": 1, "created": "2019-05-17T07:46:07.704Z", "is_ordered": true}}, {"model": "product.customerproductcart", "pk": 138, "fields": {"product": 11, "user": 15, "selected_size": "XL", "selected_colour": 2, "selected_quantity": 1, "created": "2019-05-17T07:49:17.922Z", "is_ordered": true}}, {"model": "product.couponcode", "pk": 2, "fields": {"code": "TEST123", "coupon_type": "2", "value": "200", "max_amount": null, "usage_limit": "5", "valid_from": "2019-05-06", "valid_to": "2019-05-30", "is_for_all_user": true, "is_for_all_product": true, "terms_and_cond": "ssssss", "description": "dfgfff", "created": "2019-05-06T09:59:52.976Z", "is_active": false, "selected_users": [], "selected_product": []}}, {"model": "product.couponcode", "pk": 3, "fields": {"code": "FREE200", "coupon_type": "1", "value": "20", "max_amount": "200", "usage_limit": "2", "valid_from": "2019-05-08", "valid_to": "2019-05-31", "is_for_all_user": true, "is_for_all_product": true, "terms_and_cond": "lorem", "description": "lorem", "created": "2019-05-06T11:17:10.267Z", "is_active": true, "selected_users": [], "selected_product": []}}, {"model": "product.couponcode", "pk": 4, "fields": {"code": "QWERTY123", "coupon_type": "2", "value": "200", "max_amount": null, "usage_limit": "1", "valid_from": "2019-05-06", "valid_to": "2019-05-23", "is_for_all_user": false, "is_for_all_product": true, "terms_and_cond": "gfgf", "description": "fffff", "created": "2019-05-06T13:12:11.232Z", "is_active": false, "selected_users": [2, 18], "selected_product": []}}, {"model": "product.deliverydistancemanagement", "pk": 2, "fields": {"dist_from": 2, "dist_to": 5, "charges": 20}}, {"model": "orders.customeraddress", "pk": 1, "fields": {"user": 6, "name": "ghfyhh", "country_code": "+91", "phonenum": "845889975", "city": "Noida", "pincode": "201301", "state": "Uttar Pradesh", "area_street": "142", "flat_building": "g4677", "addr_type": "3", "landmark": "chkll", "lat": "23.55", "log": "23.121", "is_active": true}}, {"model": "orders.customeraddress", "pk": 2, "fields": {"user": 6, "name": "fghj", "country_code": "+91", "phonenum": "941104588", "city": "noida", "pincode": "578857", "state": "up", "area_street": "ghhb", "flat_building": "hgghj", "addr_type": "2", "landmark": "bhhj", "lat": "23.55", "log": "23.121", "is_active": true}}, {"model": "orders.customeraddress", "pk": 3, "fields": {"user": 5, "name": "Gfhfghg", "country_code": "+1", "phonenum": "1234567876", "city": "Dfgdfgdfg", "pincode": "34545", "state": "Cbcbvcbvcb", "area_street": "Dfgdfg", "flat_building": "Dfg", "addr_type": "1", "landmark": "", "lat": "-122.406417", "log": "", "is_active": true}}, {"model": "orders.customeraddress", "pk": 4, "fields": {"user": 7, "name": "Ggghjj", "country_code": "+91", "phonenum": "8802313785", "city": "Noida", "pincode": "201301", "state": "Uttar Pradesh", "area_street": "142 B Block Road", "flat_building": "Gfbnjkk", "addr_type": "3", "landmark": "", "lat": "77.38674649740922", "log": "77.38675194734678", "is_active": true}}, {"model": "orders.customeraddress", "pk": 5, "fields": {"user": 7, "name": "Fitchburg", "country_code": "+1", "phonenum": "3528285886", "city": "Booughj", "pincode": "468367", "state": "Up", "area_street": "Gigigig", "flat_building": "Ggg467", "addr_type": "2", "landmark": "Gigi", "lat": "57.38673219269538", "log": "", "is_active": true}}, {"model": "orders.customeraddress", "pk": 6, "fields": {"user": 15, "name": "adam", "country_code": "+91", "phonenum": "966792508111", "city": "Noida", "pincode": "201301", "state": "Uttar Pradesh", "area_street": "142", "flat_building": "df", "addr_type": "2", "landmark": "mysite", "lat": "1.1", "log": "1.0", "is_active": true}}, {"model": "orders.customeraddress", "pk": 7, "fields": {"user": 21, "name": "Some", "country_code": "+1", "phonenum": "911562", "city": "Hello", "pincode": "65312", "state": "Hey", "area_street": "Anywhere", "flat_building": "1508", "addr_type": "2", "landmark": "", "lat": "13.8660964279197", "log": "", "is_active": true}}, {"model": "orders.customeraddress", "pk": 8, "fields": {"user": 21, "name": "Second", "country_code": "+84", "phonenum": "987955388", "city": "Hello", "pincode": "4560", "state": "I", "area_street": "Somewhere", "flat_building": "1256", "addr_type": "3", "landmark": "", "lat": "103.8660284754275", "log": "", "is_active": true}}, {"model": "orders.customeraddress", "pk": 9, "fields": {"user": 21, "name": "Thirds", "country_code": "+1", "phonenum": "123456780", "city": "Nocity", "pincode": "1234", "state": "State", "area_street": "Hello", "flat_building": "Hey", "addr_type": "1", "landmark": "", "lat": "103.8660154771391", "log": "", "is_active": true}}, {"model": "orders.customeraddress", "pk": 10, "fields": {"user": 23, "name": "Rtrtyrtyrtyrtyr", "country_code": "+1", "phonenum": "44444444444", "city": "Ghjghjgh", "pincode": "34345", "state": "CNBC", "area_street": "Ghjghj", "flat_building": "Ghjgh", "addr_type": "1", "landmark": "Ghjghjghjghj", "lat": "-122.406417", "log": "", "is_active": true}}, {"model": "orders.customeraddress", "pk": 11, "fields": {"user": 32, "name": "Akanksha", "country_code": "+91", "phonenum": "8802313785", "city": "Noida", "pincode": "201301", "state": "Uttar Pradesh", "area_street": "142 B Block Road", "flat_building": "B124Noida", "addr_type": "1", "landmark": "", "lat": "28.61441166425662", "log": "77.38673734025161", "is_active": true}}, {"model": "orders.customeraddress", "pk": 12, "fields": {"user": 33, "name": "werytt", "country_code": "+91", "phonenum": "9411004458", "city": "Noida", "pincode": "201301", "state": "Uttar Pradesh", "area_street": "142", "flat_building": "v13r4", "addr_type": "2", "landmark": "", "lat": "23.55", "log": "23.121", "is_active": true}}, {"model": "orders.customeraddress", "pk": 13, "fields": {"user": 32, "name": "Qwwwe", "country_code": "+1", "phonenum": "842856559", "city": "Noida", "pincode": "467857", "state": "Up", "area_street": "Vbbykdydycuv", "flat_building": "VQ3556", "addr_type": "3", "landmark": "", "lat": "77.38674009876122", "log": "", "is_active": true}}, {"model": "orders.customeraddress", "pk": 14, "fields": {"user": 33, "name": "qwetty", "country_code": "+1", "phonenum": "67879797", "city": "jjhhhh", "pincode": "56788", "state": "up", "area_street": "noidaa", "flat_building": "b124 noida", "addr_type": "1", "landmark": "", "lat": "23.55", "log": "23.121", "is_active": true}}, {"model": "orders.customeraddress", "pk": 15, "fields": {"user": 15, "name": "rf", "country_code": "+1", "phonenum": "56325662882", "city": "Noida", "pincode": "201301", "state": "Uttar Pradesh", "area_street": "142", "flat_building": "dhjh", "addr_type": "1", "landmark": "", "lat": "23.55", "log": "23.121", "is_active": true}}, {"model": "orders.customerorders", "pk": 36, "fields": {"user": 15, "address": 15, "payment": "1", "is_coupon_applied": false, "coupon_code": "FREE200", "item": "1", "price": "5000", "saved_amount": "4000", "shipping_charges": "0", "coupon_off": "200", "grand_total": "800", "created": "2019-05-17T07:43:15.069Z", "cart": []}}, {"model": "orders.customerorders", "pk": 37, "fields": {"user": 15, "address": 15, "payment": "1", "is_coupon_applied": false, "coupon_code": "", "item": "1", "price": "5000", "saved_amount": "4000", "shipping_charges": "0", "coupon_off": "0", "grand_total": "1000", "created": "2019-05-17T07:47:46.393Z", "cart": [137]}}, {"model": "orders.customerorders", "pk": 38, "fields": {"user": 15, "address": 15, "payment": "1", "is_coupon_applied": false, "coupon_code": "FREE200", "item": "2", "price": "10000", "saved_amount": "8000", "shipping_charges": "0", "coupon_off": "200", "grand_total": "1800", "created": "2019-05-17T07:49:50.027Z", "cart": [137, 138]}}, {"model": "orders.customerorders", "pk": 39, "fields": {"user": 1, "address": 1, "payment": "1", "is_coupon_applied": false, "coupon_code": "", "item": "2", "price": "1134", "saved_amount": "1022", "shipping_charges": "0", "coupon_off": "0", "grand_total": "112", "created": "2019-05-17T08:01:30.946Z", "cart": [135]}}, {"model": "orders.customerorders", "pk": 40, "fields": {"user": 1, "address": 1, "payment": "1", "is_coupon_applied": false, "coupon_code": "", "item": "2", "price": "1134", "saved_amount": "1022", "shipping_charges": "0", "coupon_off": "0", "grand_total": "112", "created": "2019-05-17T08:04:19.227Z", "cart": [135]}}, {"model": "orders.customerorders", "pk": 41, "fields": {"user": 1, "address": 1, "payment": "1", "is_coupon_applied": false, "coupon_code": "", "item": "2", "price": "1134", "saved_amount": "1022", "shipping_charges": "0", "coupon_off": "0", "grand_total": "112", "created": "2019-05-17T08:11:12.024Z", "cart": [135]}}, {"model": "orders.customerorders", "pk": 42, "fields": {"user": 1, "address": 1, "payment": "1", "is_coupon_applied": false, "coupon_code": "", "item": "2", "price": "1134", "saved_amount": "1022", "shipping_charges": "0", "coupon_off": "0", "grand_total": "112", "created": "2019-05-17T08:11:42.709Z", "cart": [135]}}, {"model": "orders.customerorders", "pk": 43, "fields": {"user": 15, "address": 15, "payment": "1", "is_coupon_applied": false, "coupon_code": "FREE200", "item": "2", "price": "10000", "saved_amount": "8000", "shipping_charges": "0", "coupon_off": "200", "grand_total": "1800", "created": "2019-05-17T09:19:54.914Z", "cart": [137, 138]}}, {"model": "orders.customerorders", "pk": 44, "fields": {"user": 15, "address": 15, "payment": "1", "is_coupon_applied": false, "coupon_code": "FREE200", "item": "2", "price": "10000", "saved_amount": "8000", "shipping_charges": "0", "coupon_off": "200", "grand_total": "1800", "created": "2019-05-17T09:21:37.706Z", "cart": [137, 138]}}, {"model": "orders.customerorders", "pk": 45, "fields": {"user": 15, "address": 15, "payment": "1", "is_coupon_applied": false, "coupon_code": "FREE200", "item": "2", "price": "10000", "saved_amount": "8000", "shipping_charges": "0", "coupon_off": "200", "grand_total": "1800", "created": "2019-05-17T09:25:22.537Z", "cart": [137, 138]}}, {"model": "orders.orderedproductstatus", "pk": 64, "fields": {"user": 15, "order": 37, "cart": 137, "order_status": "1", "created": "2019-05-17T07:47:46.400Z"}}, {"model": "orders.orderedproductstatus", "pk": 65, "fields": {"user": 15, "order": 38, "cart": 138, "order_status": "1", "created": "2019-05-17T07:49:50.034Z"}}, {"model": "orders.orderedproductstatus", "pk": 66, "fields": {"user": 15, "order": 38, "cart": 137, "order_status": "1", "created": "2019-05-17T07:49:50.034Z"}}, {"model": "orders.orderedproductstatus", "pk": 67, "fields": {"user": 1, "order": 41, "cart": 135, "order_status": "1", "created": "2019-05-17T08:11:12.031Z"}}, {"model": "orders.orderedproductstatus", "pk": 68, "fields": {"user": 15, "order": 43, "cart": 138, "order_status": "1", "created": "2019-05-17T09:19:54.920Z"}}, {"model": "orders.orderedproductstatus", "pk": 69, "fields": {"user": 15, "order": 43, "cart": 137, "order_status": "1", "created": "2019-05-17T09:19:54.920Z"}}, {"model": "orders.orderedproductstatus", "pk": 73, "fields": {"user": 15, "order": 45, "cart": 138, "order_status": "1", "created": "2019-05-17T09:25:22.544Z"}}, {"model": "orders.orderedproductstatus", "pk": 74, "fields": {"user": 15, "order": 45, "cart": 137, "order_status": "1", "created": "2019-05-17T09:25:22.544Z"}}, {"model": "payments.stripecustomer", "pk": 21, "fields": {"user": 1, "stripe_cus_id": "cus_F5B2OTfqFb1tn1", "source_token": "tok_1Eb0gHKEophbZQ2nGCpbauVc", "card": "XXXX XXXX XXXX 1111", "name": "admin@gmail.com", "created": "2019-05-17T07:40:58.699Z"}}, {"model": "payments.stripecustomer", "pk": 22, "fields": {"user": 15, "stripe_cus_id": "cus_F5B4VUvAXyLnvT", "source_token": "tok_1Eb0iiKEophbZQ2nOk5orpKD", "card": "XXXX XXXX XXXX 1111", "name": null, "created": "2019-05-17T07:43:14.307Z"}}, {"model": "payments.stripecustomer", "pk": 23, "fields": {"user": 15, "stripe_cus_id": "cus_F5B9FgD8nforst", "source_token": "tok_1Eb0n6KEophbZQ2nr4XADa35", "card": "XXXX XXXX XXXX 1111", "name": null, "created": "2019-05-17T07:47:45.810Z"}}, {"model": "payments.stripecustomer", "pk": 24, "fields": {"user": 15, "stripe_cus_id": "cus_F5BBwhNoPW8JbT", "source_token": "tok_1Eb0p6KEophbZQ2nZ8gv8YzX", "card": "XXXX XXXX XXXX 1111", "name": null, "created": "2019-05-17T07:49:49.471Z"}}, {"model": "payments.stripecustomer", "pk": 25, "fields": {"user": 1, "stripe_cus_id": "cus_F5BW5y95p3bhcy", "source_token": "tok_1Eb198KEophbZQ2ntWmP21C4", "card": "XXXX XXXX XXXX 4242", "name": "admin@gmail.com", "created": "2019-05-17T08:10:53.764Z"}}, {"model": "payments.stripecustomer", "pk": 26, "fields": {"user": 15, "stripe_cus_id": "cus_F5CdFZULnRDdWa", "source_token": "tok_1Eb2EGKEophbZQ2nGGxAa0sY", "card": "XXXX XXXX XXXX 1111", "name": null, "created": "2019-05-17T09:19:54.309Z"}}, {"model": "payments.stripecustomer", "pk": 27, "fields": {"user": 15, "stripe_cus_id": "cus_F5Cf5EtWv0Y3ol", "source_token": "tok_1Eb2FvKEophbZQ2nV1PNws3U", "card": "XXXX XXXX XXXX 1111", "name": null, "created": "2019-05-17T09:21:37.092Z"}}, {"model": "payments.stripecustomer", "pk": 28, "fields": {"user": 15, "stripe_cus_id": "cus_F5CjJ0qFA8Q2F1", "source_token": "tok_1Eb2JXKEophbZQ2nEz1mt5m2", "card": "XXXX XXXX XXXX 1111", "name": null, "created": "2019-05-17T09:25:21.944Z"}}, {"model": "payments.paymenthistory", "pk": 1, "fields": {"user": 1, "description": "Payment to buy product", "payment_type": "1", "status_message": "You cannot use a Stripe token more than once: tok_1EXpSwKEophbZQ2nFR6ypnIh.", "payment_id": null, "amount": null, "captured": false, "order_id": null, "payment_detail": null}}, {"model": "payments.paymenthistory", "pk": 2, "fields": {"user": 1, "description": "Payment to by product", "payment_type": "1", "status_message": "Payment complete.", "payment_id": "ch_1EXpc4KEophbZQ2nYwFqa1QG", "amount": "112", "captured": true, "order_id": null, "payment_detail": "cus_F1tO1aSpw7h8qP"}}, {"model": "payments.paymenthistory", "pk": 3, "fields": {"user": 1, "description": "Payment to by product", "payment_type": "1", "status_message": "Payment complete.", "payment_id": "ch_1EXpcJKEophbZQ2nKTm4t6ge", "amount": "112", "captured": true, "order_id": null, "payment_detail": "cus_F1tO1aSpw7h8qP"}}, {"model": "payments.paymenthistory", "pk": 4, "fields": {"user": 1, "description": "Payment to by product", "payment_type": "1", "status_message": "Payment complete.", "payment_id": "ch_1EXpcwKEophbZQ2nzv4J1ZtK", "amount": "112", "captured": true, "order_id": null, "payment_detail": "cus_F1tO1aSpw7h8qP"}}, {"model": "payments.paymenthistory", "pk": 5, "fields": {"user": 1, "description": "Payment to by product", "payment_type": "1", "status_message": "Payment complete.", "payment_id": "ch_1EZuOsKEophbZQ2n5RHhLsbU", "amount": "112", "captured": true, "order_id": null, "payment_detail": "cus_F1tO1aSpw7h8qP"}}, {"model": "payments.paymenthistory", "pk": 6, "fields": {"user": 1, "description": "Payment to buy product", "payment_type": "1", "status_message": "No such token: tok_1EXmONCYNJ5SkUmbkR7fjpt5", "payment_id": null, "amount": null, "captured": false, "order_id": null, "payment_detail": null}}, {"model": "payments.paymenthistory", "pk": 7, "fields": {"user": 1, "description": "Payment to buy product", "payment_type": "1", "status_message": "No such token: tok_1EXmONCYNJ5pSkUmbkR7fjpt5", "payment_id": null, "amount": null, "captured": false, "order_id": null, "payment_detail": null}}, {"model": "payments.paymenthistory", "pk": 8, "fields": {"user": 1, "description": "Payment to buy product", "payment_type": "1", "status_message": "You cannot use a Stripe token more than once: tok_1EZueuKEophbZQ2noQHoaSjH.", "payment_id": null, "amount": null, "captured": false, "order_id": null, "payment_detail": null}}, {"model": "payments.paymenthistory", "pk": 9, "fields": {"user": 1, "description": "Payment to buy product", "payment_type": "1", "status_message": "No such token: tok_1EZueuKEophbZQ2noQHoaSjcH", "payment_id": null, "amount": null, "captured": false, "order_id": null, "payment_detail": null}}, {"model": "payments.paymenthistory", "pk": 10, "fields": {"user": 15, "description": "Payment to buy product", "payment_type": "1", "status_message": "null value in column \"name\" violates not-null constraint\nDETAIL:  Failing row contains (3, cus_F59mVKSvFISc2t, 2019-05-17 06:22:24.148793+00, 15, XXXX XXXX XXXX 1111, tok_1EazSUKEophbZQ2n5UE9ojaO, null).\n", "payment_id": null, "amount": null, "captured": false, "order_id": null, "payment_detail": null}}, {"model": "payments.paymenthistory", "pk": 11, "fields": {"user": 1, "description": "Payment to buy product", "payment_type": "1", "status_message": "No such token: tok_1EXmONCYNJ5SkUmbkR7fjpt5", "payment_id": null, "amount": null, "captured": false, "order_id": null, "payment_detail": null}}, {"model": "payments.paymenthistory", "pk": 12, "fields": {"user": 1, "description": "Payment to by product", "payment_type": "1", "status_message": "Payment complete.", "payment_id": "ch_1EazWfKEophbZQ2n5Anb0KPC", "amount": "112", "captured": true, "order_id": null, "payment_detail": "cus_F59qG4AgOMTgVa"}}, {"model": "payments.paymenthistory", "pk": 13, "fields": {"user": 1, "description": "Payment to by product", "payment_type": "1", "status_message": "Payment complete.", "payment_id": "ch_1EazWoKEophbZQ2n0v3aqk9q", "amount": "112", "captured": true, "order_id": null, "payment_detail": "cus_F59qG4AgOMTgVa"}}, {"model": "payments.paymenthistory", "pk": 14, "fields": {"user": 1, "description": "Payment to by product", "payment_type": "1", "status_message": "Payment complete.", "payment_id": "ch_1EazWvKEophbZQ2ncMemcVtr", "amount": "112", "captured": true, "order_id": null, "payment_detail": "cus_F59qG4AgOMTgVa"}}, {"model": "payments.paymenthistory", "pk": 15, "fields": {"user": 1, "description": "Payment to by product", "payment_type": "1", "status_message": "Payment complete.", "payment_id": "ch_1EazX1KEophbZQ2nJzQtTl14", "amount": "112", "captured": true, "order_id": null, "payment_detail": "cus_F59qG4AgOMTgVa"}}, {"model": "payments.paymenthistory", "pk": 16, "fields": {"user": 1, "description": "Payment to by product", "payment_type": "1", "status_message": "Payment complete.", "payment_id": "ch_1EazXaKEophbZQ2n19BiWmV2", "amount": "112", "captured": true, "order_id": null, "payment_detail": "cus_F59qG4AgOMTgVa"}}, {"model": "payments.paymenthistory", "pk": 17, "fields": {"user": 1, "description": "Payment to by product", "payment_type": "1", "status_message": "Payment complete.", "payment_id": "ch_1EazYbKEophbZQ2nZ2Ng91OV", "amount": "112", "captured": true, "order_id": null, "payment_detail": "cus_F59qG4AgOMTgVa"}}, {"model": "payments.paymenthistory", "pk": 18, "fields": {"user": 15, "description": "Payment to buy product", "payment_type": "1", "status_message": "null value in column \"name\" violates not-null constraint\nDETAIL:  Failing row contains (5, cus_F59t8gJabrd7wf, 2019-05-17 06:29:42.774369+00, 15, XXXX XXXX XXXX 1111, tok_1EazZZKEophbZQ2ngd3NKNsp, null).\n", "payment_id": null, "amount": null, "captured": false, "order_id": null, "payment_detail": null}}, {"model": "payments.paymenthistory", "pk": 19, "fields": {"user": 1, "description": "Payment to by product", "payment_type": "1", "status_message": "Payment complete.", "payment_id": "ch_1EazclKEophbZQ2nCzcPnuRq", "amount": "112", "captured": true, "order_id": null, "payment_detail": "cus_F59qG4AgOMTgVa"}}, {"model": "payments.paymenthistory", "pk": 20, "fields": {"user": 1, "description": "Payment to by product", "payment_type": "1", "status_message": "Payment complete.", "payment_id": "ch_1EazhmKEophbZQ2nLJqLtFjH", "amount": "112", "captured": true, "order_id": null, "payment_detail": "cus_F59qG4AgOMTgVa"}}, {"model": "payments.paymenthistory", "pk": 21, "fields": {"user": 15, "description": "Payment to buy product", "payment_type": "1", "status_message": "null value in column \"name\" violates not-null constraint\nDETAIL:  Failing row contains (6, cus_F5A2jhvPJLfEqv, 2019-05-17 06:38:59.62585+00, 15, XXXX XXXX XXXX 1111, tok_1EaziXKEophbZQ2n0GXxx8J1, null).\n", "payment_id": null, "amount": null, "captured": false, "order_id": null, "payment_detail": null}}, {"model": "payments.paymenthistory", "pk": 22, "fields": {"user": 15, "description": "Payment to buy product", "payment_type": "1", "status_message": "null value in column \"name\" violates not-null constraint\nDETAIL:  Failing row contains (7, cus_F5A38ZAYvBRyWP, 2019-05-17 06:40:08.040402+00, 15, XXXX XXXX XXXX 1111, tok_1EazjeKEophbZQ2nOVrIlh8o, null).\n", "payment_id": null, "amount": null, "captured": false, "order_id": null, "payment_detail": null}}, {"model": "payments.paymenthistory", "pk": 23, "fields": {"user": 15, "description": "Payment to buy product", "payment_type": "1", "status_message": "null value in column \"name\" violates not-null constraint\nDETAIL:  Failing row contains (8, cus_F5A6hSD77lT99C, 2019-05-17 06:42:30.618721+00, 15, XXXX XXXX XXXX 1111, tok_1EazlxKEophbZQ2nhTbekL3B, null).\n", "payment_id": null, "amount": null, "captured": false, "order_id": null, "payment_detail": null}}, {"model": "payments.paymenthistory", "pk": 24, "fields": {"user": 1, "description": "Payment to by product", "payment_type": "1", "status_message": "Payment complete.", "payment_id": "ch_1EazmaKEophbZQ2nF9Zo8Mwd", "amount": "112", "captured": true, "order_id": null, "payment_detail": "cus_F59qG4AgOMTgVa"}}, {"model": "payments.paymenthistory", "pk": 25, "fields": {"user": 1, "description": "Payment to by product", "payment_type": "1", "status_message": "Payment complete.", "payment_id": "ch_1EazniKEophbZQ2nqx8BDrYm", "amount": "112", "captured": true, "order_id": null, "payment_detail": "cus_F59qG4AgOMTgVa"}}, {"model": "payments.paymenthistory", "pk": 26, "fields": {"user": 1, "description": "Payment to by product", "payment_type": "1", "status_message": "Payment complete.", "payment_id": "ch_1EazqTKEophbZQ2nhJGN0qKE", "amount": "112", "captured": true, "order_id": null, "payment_detail": "cus_F59qG4AgOMTgVa"}}, {"model": "payments.paymenthistory", "pk": 27, "fields": {"user": 15, "description": "Payment to buy product", "payment_type": "1", "status_message": "null value in column \"name\" violates not-null constraint\nDETAIL:  Failing row contains (9, cus_F5AC4Bmfai9s5f, 2019-05-17 06:48:40.800984+00, 15, XXXX XXXX XXXX 1111, tok_1EazrvKEophbZQ2npTKY8But, null).\n", "payment_id": null, "amount": null, "captured": false, "order_id": null, "payment_detail": null}}, {"model": "payments.paymenthistory", "pk": 28, "fields": {"user": 15, "description": "Payment to buy product", "payment_type": "1", "status_message": "null value in column \"name\" violates not-null constraint\nDETAIL:  Failing row contains (10, cus_F5ALHbortA5ncX, 2019-05-17 06:58:10.440791+00, 15, XXXX XXXX XXXX 1111, tok_1Eb016KEophbZQ2n3ruvHQ7r, null).\n", "payment_id": null, "amount": null, "captured": false, "order_id": null, "payment_detail": null}}, {"model": "payments.paymenthistory", "pk": 29, "fields": {"user": 1, "description": "Payment to by product", "payment_type": "1", "status_message": "Payment complete.", "payment_id": "ch_1Eb025KEophbZQ2nFAwssgHV", "amount": "112", "captured": true, "order_id": null, "payment_detail": "cus_F59qG4AgOMTgVa"}}, {"model": "payments.paymenthistory", "pk": 30, "fields": {"user": 15, "description": "Payment to by product", "payment_type": "1", "status_message": "Payment complete.", "payment_id": "ch_1Eb02cKEophbZQ2ncoEIO6Yh", "amount": "4273", "captured": true, "order_id": null, "payment_detail": "cus_F5AN14rH1va6zi"}}, {"model": "payments.paymenthistory", "pk": 31, "fields": {"user": 1, "description": "Payment to by product", "payment_type": "1", "status_message": "Payment complete.", "payment_id": "ch_1Eb08HKEophbZQ2noo8rzaXT", "amount": "112", "captured": true, "order_id": null, "payment_detail": "cus_F59qG4AgOMTgVa"}}, {"model": "payments.paymenthistory", "pk": 32, "fields": {"user": 15, "description": "Payment to by product", "payment_type": "1", "status_message": "Payment complete.", "payment_id": "ch_1Eb0CDKEophbZQ2niR5DDG4u", "amount": "4273", "captured": true, "order_id": null, "payment_detail": "cus_F5AX2soNSZP9zL"}}, {"model": "payments.paymenthistory", "pk": 33, "fields": {"user": 15, "description": "Payment to buy product", "payment_type": "1", "status_message": "insert or update on table \"orders_orderedproductstatus\" violates foreign key constraint \"orders_orderedproduc_cart_id_49635dc4_fk_product_c\"\nDETAIL:  Key (cart_id)=(1) is not present in table \"product_customerproductcart\".\n", "payment_id": null, "amount": null, "captured": false, "order_id": null, "payment_detail": null}}, {"model": "payments.paymenthistory", "pk": 34, "fields": {"user": 15, "description": "Payment to by product", "payment_type": "1", "status_message": "Payment complete.", "payment_id": "ch_1Eb0HmKEophbZQ2ne6456Db1", "amount": "800", "captured": true, "order_id": null, "payment_detail": "cus_F5AdSza4urPQpv"}}, {"model": "payments.paymenthistory", "pk": 35, "fields": {"user": 15, "description": "Payment to buy product", "payment_type": "1", "status_message": "insert or update on table \"orders_orderedproductstatus\" violates foreign key constraint \"orders_orderedproduc_cart_id_49635dc4_fk_product_c\"\nDETAIL:  Key (cart_id)=(1) is not present in table \"product_customerproductcart\".\n", "payment_id": null, "amount": null, "captured": false, "order_id": null, "payment_detail": null}}, {"model": "payments.paymenthistory", "pk": 36, "fields": {"user": 1, "description": "Payment to by product", "payment_type": "1", "status_message": "Payment complete.", "payment_id": "ch_1Eb0KHKEophbZQ2nXkqXybuY", "amount": "112", "captured": true, "order_id": null, "payment_detail": "cus_F59qG4AgOMTgVa"}}, {"model": "payments.paymenthistory", "pk": 37, "fields": {"user": 15, "description": "Payment to by product", "payment_type": "1", "status_message": "Payment complete.", "payment_id": "ch_1Eb0QhKEophbZQ2nUXz51I4c", "amount": "800", "captured": true, "order_id": null, "payment_detail": "cus_F5Am0JDhodBcg2"}}, {"model": "payments.paymenthistory", "pk": 38, "fields": {"user": 15, "description": "Payment to buy product", "payment_type": "1", "status_message": "insert or update on table \"orders_orderedproductstatus\" violates foreign key constraint \"orders_orderedproduc_cart_id_49635dc4_fk_product_c\"\nDETAIL:  Key (cart_id)=(1) is not present in table \"product_customerproductcart\".\n", "payment_id": null, "amount": null, "captured": false, "order_id": null, "payment_detail": null}}, {"model": "payments.paymenthistory", "pk": 39, "fields": {"user": 15, "description": "Payment to by product", "payment_type": "1", "status_message": "Payment complete.", "payment_id": "ch_1Eb0RAKEophbZQ2nFP10Awtp", "amount": "800", "captured": true, "order_id": null, "payment_detail": "cus_F5AmxvBRmmTwDu"}}, {"model": "payments.paymenthistory", "pk": 40, "fields": {"user": 15, "description": "Payment to buy product", "payment_type": "1", "status_message": "insert or update on table \"orders_orderedproductstatus\" violates foreign key constraint \"orders_orderedproduc_cart_id_49635dc4_fk_product_c\"\nDETAIL:  Key (cart_id)=(1) is not present in table \"product_customerproductcart\".\n", "payment_id": null, "amount": null, "captured": false, "order_id": null, "payment_detail": null}}, {"model": "payments.paymenthistory", "pk": 41, "fields": {"user": 1, "description": "Payment to by product", "payment_type": "1", "status_message": "Payment complete.", "payment_id": "ch_1Eb0SPKEophbZQ2nA91Rauct", "amount": "112", "captured": true, "order_id": null, "payment_detail": "cus_F59qG4AgOMTgVa"}}, {"model": "payments.paymenthistory", "pk": 42, "fields": {"user": 15, "description": "Payment to by product", "payment_type": "1", "status_message": "Payment complete.", "payment_id": "ch_1Eb0SQKEophbZQ2nsBJLVZyb", "amount": "1000", "captured": true, "order_id": null, "payment_detail": "cus_F5AoJeX2WQdEvN"}}, {"model": "payments.paymenthistory", "pk": 43, "fields": {"user": 15, "description": "Payment to buy product", "payment_type": "1", "status_message": "insert or update on table \"orders_orderedproductstatus\" violates foreign key constraint \"orders_orderedproduc_cart_id_49635dc4_fk_product_c\"\nDETAIL:  Key (cart_id)=(1) is not present in table \"product_customerproductcart\".\n", "payment_id": null, "amount": null, "captured": false, "order_id": null, "payment_detail": null}}, {"model": "payments.paymenthistory", "pk": 44, "fields": {"user": 1, "description": "Payment to by product", "payment_type": "1", "status_message": "Payment complete.", "payment_id": "ch_1Eb0U8KEophbZQ2nPHNnIVSW", "amount": "112", "captured": true, "order_id": null, "payment_detail": "cus_F59qG4AgOMTgVa"}}, {"model": "payments.paymenthistory", "pk": 45, "fields": {"user": 15, "description": "Payment to by product", "payment_type": "1", "status_message": "Payment complete.", "payment_id": "ch_1Eb0VaKEophbZQ2nuBDyaWI1", "amount": "1000", "captured": true, "order_id": null, "payment_detail": "cus_F5ArV2nQ4BSAx1"}}, {"model": "payments.paymenthistory", "pk": 46, "fields": {"user": 15, "description": "Payment to buy product", "payment_type": "1", "status_message": "insert or update on table \"orders_orderedproductstatus\" violates foreign key constraint \"orders_orderedproduc_cart_id_49635dc4_fk_product_c\"\nDETAIL:  Key (cart_id)=(1) is not present in table \"product_customerproductcart\".\n", "payment_id": null, "amount": null, "captured": false, "order_id": null, "payment_detail": null}}, {"model": "payments.paymenthistory", "pk": 47, "fields": {"user": 15, "description": "Payment to by product", "payment_type": "1", "status_message": "Payment complete.", "payment_id": "ch_1Eb0VpKEophbZQ2nNb1MbbIU", "amount": "1000", "captured": true, "order_id": null, "payment_detail": "cus_F5ArqM1cSwGopO"}}, {"model": "payments.paymenthistory", "pk": 48, "fields": {"user": 15, "description": "Payment to buy product", "payment_type": "1", "status_message": "insert or update on table \"orders_orderedproductstatus\" violates foreign key constraint \"orders_orderedproduc_cart_id_49635dc4_fk_product_c\"\nDETAIL:  Key (cart_id)=(1) is not present in table \"product_customerproductcart\".\n", "payment_id": null, "amount": null, "captured": false, "order_id": null, "payment_detail": null}}, {"model": "payments.paymenthistory", "pk": 49, "fields": {"user": 15, "description": "Payment to by product", "payment_type": "1", "status_message": "Payment complete.", "payment_id": "ch_1Eb0ZMKEophbZQ2nQiorl13b", "amount": "1000", "captured": true, "order_id": null, "payment_detail": "cus_F5AvOmXUIwcjvI"}}, {"model": "payments.paymenthistory", "pk": 50, "fields": {"user": 15, "description": "Payment to buy product", "payment_type": "1", "status_message": "insert or update on table \"orders_orderedproductstatus\" violates foreign key constraint \"orders_orderedproduc_cart_id_49635dc4_fk_product_c\"\nDETAIL:  Key (cart_id)=(1) is not present in table \"product_customerproductcart\".\n", "payment_id": null, "amount": null, "captured": false, "order_id": null, "payment_detail": null}}, {"model": "payments.paymenthistory", "pk": 51, "fields": {"user": 15, "description": "Payment to by product", "payment_type": "1", "status_message": "Payment complete.", "payment_id": "ch_1Eb0cdKEophbZQ2nQUySJwKU", "amount": "800", "captured": true, "order_id": null, "payment_detail": "cus_F5AyWrlrgdJ5hT"}}, {"model": "payments.paymenthistory", "pk": 52, "fields": {"user": 15, "description": "Payment to buy product", "payment_type": "1", "status_message": "insert or update on table \"orders_orderedproductstatus\" violates foreign key constraint \"orders_orderedproduc_cart_id_49635dc4_fk_product_c\"\nDETAIL:  Key (cart_id)=(1) is not present in table \"product_customerproductcart\".\n", "payment_id": null, "amount": null, "captured": false, "order_id": null, "payment_detail": null}}, {"model": "payments.paymenthistory", "pk": 53, "fields": {"user": 1, "description": "Payment to buy product", "payment_type": "1", "status_message": "You cannot use a Stripe token more than once: tok_1EazWTKEophbZQ2njGpoIVq7.", "payment_id": null, "amount": null, "captured": false, "order_id": null, "payment_detail": null}}, {"model": "payments.paymenthistory", "pk": 54, "fields": {"user": 1, "description": "Payment to by product", "payment_type": "1", "status_message": "Payment complete.", "payment_id": "ch_1Eb0gYKEophbZQ2nAfiOkYA4", "amount": "112", "captured": true, "order_id": null, "payment_detail": "cus_F5B2OTfqFb1tn1"}}, {"model": "payments.paymenthistory", "pk": 55, "fields": {"user": 15, "description": "Payment to by product", "payment_type": "1", "status_message": "Payment complete.", "payment_id": "ch_1Eb0ikKEophbZQ2nDIPtIwzA", "amount": "800", "captured": true, "order_id": null, "payment_detail": "cus_F5B4VUvAXyLnvT"}}, {"model": "payments.paymenthistory", "pk": 56, "fields": {"user": 15, "description": "Payment to buy product", "payment_type": "1", "status_message": "insert or update on table \"orders_orderedproductstatus\" violates foreign key constraint \"orders_orderedproduc_cart_id_49635dc4_fk_product_c\"\nDETAIL:  Key (cart_id)=(1) is not present in table \"product_customerproductcart\".\n", "payment_id": null, "amount": null, "captured": false, "order_id": null, "payment_detail": null}}, {"model": "payments.paymenthistory", "pk": 57, "fields": {"user": 15, "description": "Payment to by product", "payment_type": "1", "status_message": "Payment complete.", "payment_id": "ch_1Eb0n7KEophbZQ2nORPLdlat", "amount": "1000", "captured": true, "order_id": 37, "payment_detail": "cus_F5B9FgD8nforst"}}, {"model": "payments.paymenthistory", "pk": 58, "fields": {"user": 15, "description": "Payment to by product", "payment_type": "1", "status_message": "Payment complete.", "payment_id": "ch_1Eb0p7KEophbZQ2n7s2BpF5u", "amount": "1800", "captured": true, "order_id": 38, "payment_detail": "cus_F5BBwhNoPW8JbT"}}, {"model": "payments.paymenthistory", "pk": 59, "fields": {"user": 1, "description": "Payment to by product", "payment_type": "1", "status_message": "Payment complete.", "payment_id": "ch_1Eb10QKEophbZQ2nGMqyMTv4", "amount": "112", "captured": true, "order_id": null, "payment_detail": "cus_F5B2OTfqFb1tn1"}}, {"model": "payments.paymenthistory", "pk": 60, "fields": {"user": 1, "description": "Payment to buy product", "payment_type": "1", "status_message": "'dict' object has no attribute 'getlist'", "payment_id": null, "amount": null, "captured": false, "order_id": null, "payment_detail": null}}, {"model": "payments.paymenthistory", "pk": 61, "fields": {"user": 1, "description": "Payment to by product", "payment_type": "1", "status_message": "Payment complete.", "payment_id": "ch_1Eb138KEophbZQ2n5WkPIaXf", "amount": "112", "captured": true, "order_id": null, "payment_detail": "cus_F5B2OTfqFb1tn1"}}, {"model": "payments.paymenthistory", "pk": 62, "fields": {"user": 1, "description": "Payment to buy product", "payment_type": "1", "status_message": "'dict' object has no attribute 'getlist'", "payment_id": null, "amount": null, "captured": false, "order_id": null, "payment_detail": null}}, {"model": "payments.paymenthistory", "pk": 63, "fields": {"user": 1, "description": "Payment to buy product", "payment_type": "1", "status_message": "You cannot use a Stripe token more than once: tok_1EazWTKEophbZQ2njGpoIVq7.", "payment_id": null, "amount": null, "captured": false, "order_id": null, "payment_detail": null}}, {"model": "payments.paymenthistory", "pk": 64, "fields": {"user": 1, "description": "Payment to buy product", "payment_type": "1", "status_message": "You cannot use a Stripe token more than once: tok_1EazWTKEophbZQ2njGpoIVq7.", "payment_id": null, "amount": null, "captured": false, "order_id": null, "payment_detail": null}}, {"model": "payments.paymenthistory", "pk": 65, "fields": {"user": 1, "description": "Payment to by product", "payment_type": "1", "status_message": "Payment complete.", "payment_id": "ch_1Eb19VKEophbZQ2nDjOoqnDg", "amount": "112", "captured": true, "order_id": null, "payment_detail": "cus_F5BW5y95p3bhcy"}}, {"model": "payments.paymenthistory", "pk": 66, "fields": {"user": 1, "description": "Payment to by product", "payment_type": "1", "status_message": "Payment complete.", "payment_id": "ch_1Eb19nKEophbZQ2nccgEiPec", "amount": "112", "captured": true, "order_id": 41, "payment_detail": "cus_F5BW5y95p3bhcy"}}, {"model": "payments.paymenthistory", "pk": 67, "fields": {"user": 1, "description": "Payment to buy product", "payment_type": "1", "status_message": "You cannot use a Stripe token more than once: tok_1EazWTKEophbZQ2njGpoIVq7.", "payment_id": null, "amount": null, "captured": false, "order_id": null, "payment_detail": null}}, {"model": "payments.paymenthistory", "pk": 68, "fields": {"user": 1, "description": "Payment to by product", "payment_type": "1", "status_message": "Payment complete.", "payment_id": "ch_1Eb1AIKEophbZQ2nApdBbktM", "amount": "112", "captured": true, "order_id": null, "payment_detail": "cus_F5BW5y95p3bhcy"}}, {"model": "payments.paymenthistory", "pk": 69, "fields": {"user": 1, "description": "Payment to buy product", "payment_type": "1", "status_message": "'dict' object has no attribute 'getlist'", "payment_id": null, "amount": null, "captured": false, "order_id": null, "payment_detail": null}}, {"model": "payments.paymenthistory", "pk": 70, "fields": {"user": 15, "description": "Payment to by product", "payment_type": "1", "status_message": "Payment complete.", "payment_id": "ch_1Eb2EIKEophbZQ2nnc7jihm6", "amount": "1800", "captured": true, "order_id": 43, "payment_detail": "cus_F5CdFZULnRDdWa"}}, {"model": "payments.paymenthistory", "pk": 71, "fields": {"user": 15, "description": "Payment to by product", "payment_type": "1", "status_message": "Payment complete.", "payment_id": "ch_1Eb2FxKEophbZQ2nMOs2WMRJ", "amount": "1800", "captured": true, "order_id": null, "payment_detail": "cus_F5Cf5EtWv0Y3ol"}}, {"model": "payments.paymenthistory", "pk": 72, "fields": {"user": 15, "description": "Payment to buy product", "payment_type": "1", "status_message": "insert or update on table \"orders_orderedproductstatus\" violates foreign key constraint \"orders_orderedproduc_cart_id_49635dc4_fk_product_c\"\nDETAIL:  Key (cart_id)=(1) is not present in table \"product_customerproductcart\".\n", "payment_id": null, "amount": null, "captured": false, "order_id": null, "payment_detail": null}}, {"model": "payments.paymenthistory", "pk": 73, "fields": {"user": 15, "description": "Payment to by product", "payment_type": "1", "status_message": "Payment complete.", "payment_id": "ch_1Eb2JaKEophbZQ2nDqPHxws3", "amount": "1800", "captured": true, "order_id": 45, "payment_detail": "cus_F5CjJ0qFA8Q2F1"}}, {"model": "admin_panel.contactaboutterms", "pk": 1, "fields": {"about_us": "<p>sdsad</p>\r\n", "terms": "<p>asdsa</p>\r\n", "contact_us": "<p>sadsa</p>\r\n", "created": "2019-05-13T07:04:00.772Z", "last_update": "2019-05-13T07:04:00.772Z"}}, {"model": "designer_stylist.profile", "pk": 1, "fields": {"user": 3, "role": "4", "name": "aaditya roy", "email": "aditya@gmail.com", "profileimg": "user/profile_img/az-large-1716999.jpg", "coverimg": "user/cover_img/getty_509107562_2000133320009280346_351827.jpg", "des": "Lorem Ipsum is simply dummy text of the printing and typesetting industry. Lorem Ipsum has been the industry's standard dummy text ever since the 1500s, when an unknown printer took a galley of type and scrambled it to make a type specimen book. It has survived not only five centuries, but also the leap into electronic typesetting, remaining essentially unchanged.", "product_sold": 22, "profile_views": 1000, "rating": 4.0}}, {"model": "designer_stylist.profile", "pk": 2, "fields": {"user": 4, "role": "3", "name": "designer Deepak", "email": "designer@gmail.com", "profileimg": "user/profile_img/1-500x500_1.jpg", "coverimg": "user/cover_img/az-large-79795.jpg", "des": "Lorem Ipsum is simply dummy text of the printing and typesetting industry. Lorem Ipsum has been the industry's standard dummy text ever since the 1500s, when an unknown printer took a galley of type and scrambled it to make a type specimen book. It has survived not only five centuries, but also the leap into electronic typesetting, remaining essentially unchanged. It was popularised in the 1960s with the release of Letraset sheets containing Lorem Ipsum passages,", "product_sold": 22, "profile_views": 22, "rating": 4.0}}, {"model": "designer_stylist.profile", "pk": 3, "fields": {"user": 11, "role": "5", "name": "Jhon", "email": "bett@gmail.com", "profileimg": "user/profile_img/71ruOc2kYNL._UX342_.jpg", "coverimg": "user/cover_img/Best-Offers-In-Ecommerce.jpg", "des": "", "product_sold": null, "profile_views": null, "rating": null}}, {"model": "designer_stylist.achievement", "pk": 1, "fields": {"designerprofile": 1, "year": "2019-05-02", "title": "Lorem Ipsum is simply dummy text of the printing a", "about": "sfbsdfgsfd"}}, {"model": "designer_stylist.achievement", "pk": 2, "fields": {"designerprofile": 2, "year": "2019-05-02", "title": "deepak achievements", "about": "Lorem Ipsum is simply dummy text of the printing and typesetting industry. Lorem Ipsum has been the industry's standard dummy text ever since the 1500s, when an unknown printer took a galley of type and scrambled it to make a type specimen book. It has survived not only five centuries, but also the leap into electronic typesetting, remaining essentially unchanged. It was popularised in the 1960s with the release of Letraset sheets containing Lorem Ipsum passages, and more recently with desktop publishing software like Aldus PageMaker including versions of Lorem Ipsum."}}, {"model": "designer_stylist.achievement", "pk": 3, "fields": {"designerprofile": 3, "year": "2019-05-14", "title": "my achievement", "about": "orem Ipsum is simply dummy text of the printing and typesetting industry. Lorem Ipsum has been the industry's standard dummy text ever since the 1500s, when an unknown printer took a galley of type and scrambled it to make a type specimen book. It has survived not only five centuries, but also the leap into electronic typesetting, remaining essenti"}}, {"model": "designer_stylist.image", "pk": 1, "fields": {"achievement": 1, "image": "user/achievement_img/301386_full1.jpg"}}, {"model": "designer_stylist.image", "pk": 2, "fields": {"achievement": 1, "image": "user/achievement_img/1-500x500_1.jpg"}}, {"model": "designer_stylist.image", "pk": 3, "fields": {"achievement": 2, "image": "user/achievement_img/71ruOc2kYNL._UX342_.jpg"}}, {"model": "designer_stylist.image", "pk": 4, "fields": {"achievement": 2, "image": "user/achievement_img/1-500x500_1_YsBjKBG.jpg"}}, {"model": "designer_stylist.image", "pk": 5, "fields": {"achievement": 3, "image": "user/achievement_img/146669147733121015-vark-red-cotton-kurta-suit-set.jpg"}}, {"model": "designer_stylist.image", "pk": 6, "fields": {"achievement": 3, "image": "user/achievement_img/az-large-79795.jpg"}}, {"model": "designer_stylist.image", "pk": 7, "fields": {"achievement": 3, "image": "user/achievement_img/az-large-1716999.jpg"}}, {"model": "designer_stylist.image", "pk": 8, "fields": {"achievement": 3, "image": "user/achievement_img/Best-Offers-In-Ecommerce.jpg"}}, {"model": "designer_stylist.stylistdesignercategory", "pk": 1, "fields": {"user": 4, "name": "my style"}}, {"model": "designer_stylist.stylistdesignercategory", "pk": 2, "fields": {"user": 4, "name": "Kurta furta"}}, {"model": "designer_stylist.stylistdesignersection", "pk": 1, "fields": {"user": 4, "name": "Latest Product"}}, {"model": "designer_stylist.stylistdesignersection", "pk": 2, "fields": {"user": 3, "name": "Latest Product"}}, {"model": "designer_stylist.stylistdesignersection", "pk": 3, "fields": {"user": 3, "name": "Super sunday"}}, {"model": "designer_stylist.stylistdesignersection", "pk": 4, "fields": {"user": 4, "name": "Holi sale"}}, {"model": "designer_stylist.stylistdesignersection", "pk": 5, "fields": {"user": 4, "name": "HELLO SECTION"}}, {"model": "designer_stylist.stylistdesignersection", "pk": 6, "fields": {"user": 4, "name": "FRESH COLLECTION"}}, {"model": "admin.logentry", "pk": 1, "fields": {"action_time": "2019-05-02T07:30:55.015Z", "user": 1, "content_type": 7, "object_id": "1", "object_repr": "app-user-1", "action_flag": 1, "change_message": "[{\"added\": {}}]"}}, {"model": "admin.logentry", "pk": 2, "fields": {"action_time": "2019-05-02T07:31:10.853Z", "user": 1, "content_type": 9, "object_id": "2", "object_repr": "super-user-2", "action_flag": 1, "change_message": "[{\"added\": {}}]"}}, {"model": "admin.logentry", "pk": 3, "fields": {"action_time": "2019-05-02T07:37:20.020Z", "user": 1, "content_type": 9, "object_id": "3", "object_repr": "designer-3", "action_flag": 1, "change_message": "[{\"added\": {}}]"}}, {"model": "admin.logentry", "pk": 4, "fields": {"action_time": "2019-05-02T07:37:27.046Z", "user": 1, "content_type": 7, "object_id": "4", "object_repr": "stylist-4", "action_flag": 1, "change_message": "[{\"added\": {}}]"}}, {"model": "admin.logentry", "pk": 5, "fields": {"action_time": "2019-05-02T07:37:39.734Z", "user": 1, "content_type": 9, "object_id": "5", "object_repr": "manufacturer-5", "action_flag": 1, "change_message": "[{\"added\": {}}]"}}, {"model": "admin.logentry", "pk": 6, "fields": {"action_time": "2019-05-02T07:39:29.008Z", "user": 1, "content_type": 21, "object_id": "1", "object_repr": "Colour object (1)", "action_flag": 1, "change_message": "[{\"added\": {}}]"}}, {"model": "admin.logentry", "pk": 7, "fields": {"action_time": "2019-05-02T07:48:22.843Z", "user": 1, "content_type": 11, "object_id": "1", "object_repr": "Men", "action_flag": 1, "change_message": "[{\"added\": {}}]"}}, {"model": "admin.logentry", "pk": 8, "fields": {"action_time": "2019-05-02T07:48:39.133Z", "user": 1, "content_type": 11, "object_id": "2", "object_repr": "Women", "action_flag": 1, "change_message": "[{\"added\": {}}]"}}, {"model": "admin.logentry", "pk": 9, "fields": {"action_time": "2019-05-02T07:49:03.853Z", "user": 1, "content_type": 11, "object_id": "3", "object_repr": "Kids", "action_flag": 1, "change_message": "[{\"added\": {}}]"}}, {"model": "admin.logentry", "pk": 10, "fields": {"action_time": "2019-05-02T07:50:30.298Z", "user": 1, "content_type": 30, "object_id": "1", "object_repr": "HomePageImage object (1)", "action_flag": 1, "change_message": "[{\"added\": {}}]"}}, {"model": "admin.logentry", "pk": 11, "fields": {"action_time": "2019-05-02T07:54:28.691Z", "user": 1, "content_type": 30, "object_id": "1", "object_repr": "HomePageImage object (1)", "action_flag": 2, "change_message": "[{\"changed\": {\"fields\": [\"image\"]}}]"}}, {"model": "admin.logentry", "pk": 12, "fields": {"action_time": "2019-05-02T07:55:18.350Z", "user": 1, "content_type": 23, "object_id": "1", "object_repr": "Clothing-Men", "action_flag": 1, "change_message": "[{\"added\": {}}]"}}, {"model": "admin.logentry", "pk": 13, "fields": {"action_time": "2019-05-02T07:56:17.495Z", "user": 1, "content_type": 26, "object_id": "1", "object_repr": "Shirt-Clothing-Men", "action_flag": 1, "change_message": "[{\"added\": {}}]"}}, {"model": "admin.logentry", "pk": 14, "fields": {"action_time": "2019-05-02T07:57:39.145Z", "user": 1, "content_type": 22, "object_id": "1", "object_repr": "Shirt-shirt", "action_flag": 1, "change_message": "[{\"added\": {}}, {\"added\": {\"object\": \"shirt-shirt\", \"name\": \"product filter sub tag\"}}, {\"added\": {\"object\": \"shirt-shirt\", \"name\": \"product filter sub tag\"}}, {\"added\": {\"object\": \"shirt-shirt\", \"name\": \"product filter sub tag\"}}]"}}, {"model": "admin.logentry", "pk": 15, "fields": {"action_time": "2019-05-02T08:01:05.207Z", "user": 1, "content_type": 28, "object_id": "1", "object_repr": "ProductSizeWithQty object (1)", "action_flag": 1, "change_message": "[{\"added\": {}}]"}}, {"model": "admin.logentry", "pk": 16, "fields": {"action_time": "2019-05-02T08:01:18.621Z", "user": 1, "content_type": 28, "object_id": "2", "object_repr": "ProductSizeWithQty object (2)", "action_flag": 1, "change_message": "[{\"added\": {}}]"}}, {"model": "admin.logentry", "pk": 17, "fields": {"action_time": "2019-05-02T08:01:28.384Z", "user": 1, "content_type": 28, "object_id": "3", "object_repr": "ProductSizeWithQty object (3)", "action_flag": 1, "change_message": "[{\"added\": {}}]"}}, {"model": "admin.logentry", "pk": 18, "fields": {"action_time": "2019-05-02T08:01:36.001Z", "user": 1, "content_type": 20, "object_id": "1", "object_repr": "Black-1", "action_flag": 1, "change_message": "[{\"added\": {}}]"}}, {"model": "admin.logentry", "pk": 19, "fields": {"action_time": "2019-05-02T08:01:55.614Z", "user": 1, "content_type": 21, "object_id": "2", "object_repr": "Colour object (2)", "action_flag": 1, "change_message": "[{\"added\": {}}]"}}, {"model": "admin.logentry", "pk": 20, "fields": {"action_time": "2019-05-02T08:02:31.564Z", "user": 1, "content_type": 28, "object_id": "4", "object_repr": "ProductSizeWithQty object (4)", "action_flag": 1, "change_message": "[{\"added\": {}}]"}}, {"model": "admin.logentry", "pk": 21, "fields": {"action_time": "2019-05-02T08:02:33.883Z", "user": 1, "content_type": 20, "object_id": "2", "object_repr": "White-2", "action_flag": 1, "change_message": "[{\"added\": {}}]"}}, {"model": "admin.logentry", "pk": 22, "fields": {"action_time": "2019-05-02T08:03:21.746Z", "user": 1, "content_type": 25, "object_id": "1", "object_repr": "Blue Full Shirt-1", "action_flag": 1, "change_message": "[{\"added\": {}}]"}}, {"model": "admin.logentry", "pk": 23, "fields": {"action_time": "2019-05-02T08:03:45.257Z", "user": 1, "content_type": 30, "object_id": "2", "object_repr": "HomePageImage object (2)", "action_flag": 1, "change_message": "[{\"added\": {}}]"}}, {"model": "admin.logentry", "pk": 24, "fields": {"action_time": "2019-05-02T08:07:31.480Z", "user": 1, "content_type": 19, "object_id": "1", "object_repr": "ProductImageByColour object (1)", "action_flag": 1, "change_message": "[{\"added\": {}}]"}}, {"model": "admin.logentry", "pk": 25, "fields": {"action_time": "2019-05-02T08:07:39.261Z", "user": 1, "content_type": 19, "object_id": "2", "object_repr": "ProductImageByColour object (2)", "action_flag": 1, "change_message": "[{\"added\": {}}]"}}, {"model": "admin.logentry", "pk": 26, "fields": {"action_time": "2019-05-02T08:08:27.637Z", "user": 1, "content_type": 19, "object_id": "3", "object_repr": "ProductImageByColour object (3)", "action_flag": 1, "change_message": "[{\"added\": {}}]"}}, {"model": "admin.logentry", "pk": 27, "fields": {"action_time": "2019-05-02T08:08:56.394Z", "user": 1, "content_type": 19, "object_id": "4", "object_repr": "ProductImageByColour object (4)", "action_flag": 1, "change_message": "[{\"added\": {}}]"}}, {"model": "admin.logentry", "pk": 28, "fields": {"action_time": "2019-05-02T08:09:07.244Z", "user": 1, "content_type": 19, "object_id": "5", "object_repr": "ProductImageByColour object (5)", "action_flag": 1, "change_message": "[{\"added\": {}}]"}}, {"model": "admin.logentry", "pk": 29, "fields": {"action_time": "2019-05-02T08:10:03.907Z", "user": 1, "content_type": 19, "object_id": "6", "object_repr": "ProductImageByColour object (6)", "action_flag": 1, "change_message": "[{\"added\": {}}]"}}, {"model": "admin.logentry", "pk": 30, "fields": {"action_time": "2019-05-02T09:46:03.953Z", "user": 1, "content_type": 4, "object_id": "3", "object_repr": "stylist", "action_flag": 1, "change_message": "[{\"added\": {}}, {\"added\": {\"object\": \"-2\", \"name\": \"user other info\"}}]"}}, {"model": "admin.logentry", "pk": 31, "fields": {"action_time": "2019-05-02T09:47:12.312Z", "user": 1, "content_type": 40, "object_id": "1", "object_repr": "-3", "action_flag": 1, "change_message": "[{\"added\": {}}]"}}, {"model": "admin.logentry", "pk": 32, "fields": {"action_time": "2019-05-02T09:54:05.290Z", "user": 1, "content_type": 4, "object_id": "3", "object_repr": "stylist", "action_flag": 2, "change_message": "[{\"changed\": {\"fields\": [\"first_name\", \"last_name\", \"email\"]}}]"}}, {"model": "admin.logentry", "pk": 33, "fields": {"action_time": "2019-05-02T10:33:41.583Z", "user": 1, "content_type": 21, "object_id": "2", "object_repr": "Colour object (2)", "action_flag": 2, "change_message": "[{\"changed\": {\"fields\": [\"colour_code\"]}}]"}}, {"model": "admin.logentry", "pk": 34, "fields": {"action_time": "2019-05-02T10:34:09.613Z", "user": 1, "content_type": 21, "object_id": "1", "object_repr": "Colour object (1)", "action_flag": 2, "change_message": "[]"}}, {"model": "admin.logentry", "pk": 35, "fields": {"action_time": "2019-05-02T11:34:01.440Z", "user": 1, "content_type": 4, "object_id": "4", "object_repr": "designer", "action_flag": 1, "change_message": "[{\"added\": {}}, {\"added\": {\"object\": \"-3\", \"name\": \"user other info\"}}]"}}, {"model": "admin.logentry", "pk": 36, "fields": {"action_time": "2019-05-02T11:34:42.823Z", "user": 1, "content_type": 4, "object_id": "4", "object_repr": "designer", "action_flag": 2, "change_message": "[{\"changed\": {\"fields\": [\"first_name\", \"last_name\", \"email\"]}}]"}}, {"model": "admin.logentry", "pk": 37, "fields": {"action_time": "2019-05-02T11:36:01.517Z", "user": 1, "content_type": 40, "object_id": "2", "object_repr": "deepak-4", "action_flag": 1, "change_message": "[{\"added\": {}}]"}}, {"model": "admin.logentry", "pk": 38, "fields": {"action_time": "2019-05-02T11:36:40.220Z", "user": 1, "content_type": 43, "object_id": "1", "object_repr": "aaditya roy", "action_flag": 1, "change_message": "[{\"added\": {}}]"}}, {"model": "admin.logentry", "pk": 39, "fields": {"action_time": "2019-05-02T11:37:02.726Z", "user": 1, "content_type": 42, "object_id": "1", "object_repr": "aaditya roy", "action_flag": 1, "change_message": "[{\"added\": {}}]"}}, {"model": "admin.logentry", "pk": 40, "fields": {"action_time": "2019-05-02T11:37:18.639Z", "user": 1, "content_type": 42, "object_id": "2", "object_repr": "aaditya roy", "action_flag": 1, "change_message": "[{\"added\": {}}]"}}, {"model": "admin.logentry", "pk": 41, "fields": {"action_time": "2019-05-02T11:37:44.069Z", "user": 1, "content_type": 43, "object_id": "2", "object_repr": "designer Deepak", "action_flag": 1, "change_message": "[{\"added\": {}}]"}}, {"model": "admin.logentry", "pk": 42, "fields": {"action_time": "2019-05-02T11:38:09.056Z", "user": 1, "content_type": 42, "object_id": "3", "object_repr": "designer Deepak", "action_flag": 1, "change_message": "[{\"added\": {}}]"}}, {"model": "admin.logentry", "pk": 43, "fields": {"action_time": "2019-05-02T11:38:18.930Z", "user": 1, "content_type": 42, "object_id": "4", "object_repr": "designer Deepak", "action_flag": 1, "change_message": "[{\"added\": {}}]"}}, {"model": "admin.logentry", "pk": 44, "fields": {"action_time": "2019-05-02T11:38:41.217Z", "user": 1, "content_type": 41, "object_id": "1", "object_repr": "1-Latest Product", "action_flag": 1, "change_message": "[{\"added\": {}}]"}}, {"model": "admin.logentry", "pk": 45, "fields": {"action_time": "2019-05-02T11:38:49.455Z", "user": 1, "content_type": 41, "object_id": "2", "object_repr": "2-Latest Product", "action_flag": 1, "change_message": "[{\"added\": {}}]"}}, {"model": "admin.logentry", "pk": 46, "fields": {"action_time": "2019-05-02T11:39:11.844Z", "user": 1, "content_type": 41, "object_id": "3", "object_repr": "3-Super sunday", "action_flag": 1, "change_message": "[{\"added\": {}}]"}}, {"model": "admin.logentry", "pk": 47, "fields": {"action_time": "2019-05-02T11:39:27.598Z", "user": 1, "content_type": 41, "object_id": "4", "object_repr": "4-Holi sell", "action_flag": 1, "change_message": "[{\"added\": {}}]"}}, {"model": "admin.logentry", "pk": 48, "fields": {"action_time": "2019-05-02T11:40:10.686Z", "user": 1, "content_type": 44, "object_id": "1", "object_repr": "my style", "action_flag": 1, "change_message": "[{\"added\": {}}]"}}, {"model": "admin.logentry", "pk": 49, "fields": {"action_time": "2019-05-02T11:40:33.050Z", "user": 1, "content_type": 44, "object_id": "2", "object_repr": "Kurta furta", "action_flag": 1, "change_message": "[{\"added\": {}}]"}}, {"model": "admin.logentry", "pk": 50, "fields": {"action_time": "2019-05-02T11:42:57.254Z", "user": 1, "content_type": 25, "object_id": "1", "object_repr": "Blue Full Shirt-1", "action_flag": 2, "change_message": "[{\"changed\": {\"fields\": [\"user\", \"usersection\"]}}]"}}, {"model": "admin.logentry", "pk": 51, "fields": {"action_time": "2019-05-02T13:34:20.370Z", "user": 1, "content_type": 25, "object_id": "1", "object_repr": "Blue Full Shirt-1", "action_flag": 2, "change_message": "[{\"changed\": {\"fields\": [\"usersection\"]}}]"}}, {"model": "admin.logentry", "pk": 52, "fields": {"action_time": "2019-05-02T13:38:36.825Z", "user": 1, "content_type": 26, "object_id": "2", "object_repr": "T-shirt-Clothing-Men", "action_flag": 1, "change_message": "[{\"added\": {}}]"}}, {"model": "admin.logentry", "pk": 53, "fields": {"action_time": "2019-05-02T13:42:04.155Z", "user": 1, "content_type": 21, "object_id": "3", "object_repr": "Colour object (3)", "action_flag": 1, "change_message": "[{\"added\": {}}]"}}, {"model": "admin.logentry", "pk": 54, "fields": {"action_time": "2019-05-02T13:42:30.102Z", "user": 1, "content_type": 17, "object_id": "3", "object_repr": "#008000-3", "action_flag": 1, "change_message": "[{\"added\": {}}]"}}, {"model": "admin.logentry", "pk": 55, "fields": {"action_time": "2019-05-02T13:43:12.829Z", "user": 1, "content_type": 21, "object_id": "3", "object_repr": "Colour object (3)", "action_flag": 2, "change_message": "[{\"changed\": {\"fields\": [\"colour_code\", \"name\"]}}]"}}, {"model": "admin.logentry", "pk": 56, "fields": {"action_time": "2019-05-02T13:43:34.689Z", "user": 1, "content_type": 25, "object_id": "2", "object_repr": "Full Sleeve T-Shirt-2", "action_flag": 1, "change_message": "[{\"added\": {}}]"}}, {"model": "admin.logentry", "pk": 57, "fields": {"action_time": "2019-05-02T13:45:49.991Z", "user": 1, "content_type": 19, "object_id": "7", "object_repr": "ProductImageByColour object (7)", "action_flag": 1, "change_message": "[{\"added\": {}}]"}}, {"model": "admin.logentry", "pk": 58, "fields": {"action_time": "2019-05-02T13:46:17.673Z", "user": 1, "content_type": 19, "object_id": "8", "object_repr": "ProductImageByColour object (8)", "action_flag": 1, "change_message": "[{\"added\": {}}]"}}, {"model": "admin.logentry", "pk": 59, "fields": {"action_time": "2019-05-02T13:46:32.684Z", "user": 1, "content_type": 19, "object_id": "9", "object_repr": "ProductImageByColour object (9)", "action_flag": 1, "change_message": "[{\"added\": {}}]"}}, {"model": "admin.logentry", "pk": 60, "fields": {"action_time": "2019-05-03T15:15:33.641Z", "user": 1, "content_type": 4, "object_id": "4", "object_repr": "designer", "action_flag": 2, "change_message": "[{\"changed\": {\"fields\": [\"is_staff\", \"is_superuser\"]}}]"}}, {"model": "admin.logentry", "pk": 61, "fields": {"action_time": "2019-05-03T15:17:14.662Z", "user": 4, "content_type": 23, "object_id": "2", "object_repr": "watches-Men", "action_flag": 1, "change_message": "[{\"added\": {}}]"}}, {"model": "admin.logentry", "pk": 62, "fields": {"action_time": "2019-05-03T17:29:48.583Z", "user": 4, "content_type": 4, "object_id": "1", "object_repr": "admin", "action_flag": 2, "change_message": "[{\"changed\": {\"fields\": [\"first_name\", \"last_name\"]}}, {\"added\": {\"name\": \"user other info\", \"object\": \"admin-10\"}}]"}}, {"model": "admin.logentry", "pk": 63, "fields": {"action_time": "2019-05-03T17:32:56.933Z", "user": 1, "content_type": 26, "object_id": "3", "object_repr": "Titan-watches-Men", "action_flag": 1, "change_message": "[{\"added\": {}}]"}}, {"model": "admin.logentry", "pk": 64, "fields": {"action_time": "2019-05-04T05:34:10.103Z", "user": 4, "content_type": 40, "object_id": "2", "object_repr": "deepak-4", "action_flag": 2, "change_message": "[{\"changed\": {\"fields\": [\"des\"]}}]"}}, {"model": "admin.logentry", "pk": 65, "fields": {"action_time": "2019-05-04T05:34:21.591Z", "user": 4, "content_type": 40, "object_id": "1", "object_repr": "rahul-3", "action_flag": 2, "change_message": "[{\"changed\": {\"fields\": [\"des\"]}}]"}}, {"model": "admin.logentry", "pk": 66, "fields": {"action_time": "2019-05-04T05:34:28.102Z", "user": 4, "content_type": 40, "object_id": "2", "object_repr": "deepak-4", "action_flag": 2, "change_message": "[{\"changed\": {\"fields\": [\"des\"]}}]"}}, {"model": "admin.logentry", "pk": 67, "fields": {"action_time": "2019-05-04T05:34:44.163Z", "user": 4, "content_type": 43, "object_id": "2", "object_repr": "designer Deepak", "action_flag": 2, "change_message": "[{\"changed\": {\"fields\": [\"about\"]}}]"}}, {"model": "admin.logentry", "pk": 68, "fields": {"action_time": "2019-05-04T05:34:50.774Z", "user": 4, "content_type": 43, "object_id": "1", "object_repr": "aaditya roy", "action_flag": 2, "change_message": "[{\"changed\": {\"fields\": [\"title\"]}}]"}}, {"model": "admin.logentry", "pk": 69, "fields": {"action_time": "2019-05-04T05:35:55.633Z", "user": 4, "content_type": 43, "object_id": "1", "object_repr": "aaditya roy", "action_flag": 2, "change_message": "[{\"changed\": {\"fields\": [\"title\"]}}]"}}, {"model": "admin.logentry", "pk": 70, "fields": {"action_time": "2019-05-04T06:00:15.857Z", "user": 4, "content_type": 4, "object_id": "11", "object_repr": "manufacturer", "action_flag": 1, "change_message": "[{\"added\": {}}, {\"added\": {\"name\": \"user other info\", \"object\": \"-11\"}}]"}}, {"model": "admin.logentry", "pk": 71, "fields": {"action_time": "2019-05-04T06:01:13.003Z", "user": 4, "content_type": 4, "object_id": "11", "object_repr": "manufacturer", "action_flag": 2, "change_message": "[{\"changed\": {\"fields\": [\"first_name\", \"last_name\", \"email\", \"is_staff\", \"is_superuser\"]}}]"}}, {"model": "admin.logentry", "pk": 72, "fields": {"action_time": "2019-05-04T13:08:13.618Z", "user": 11, "content_type": 25, "object_id": "4", "object_repr": "Shirt-4", "action_flag": 2, "change_message": "[{\"changed\": {\"fields\": [\"product_filter_tag\", \"min_price\", \"offer_of_min\"]}}]"}}, {"model": "admin.logentry", "pk": 73, "fields": {"action_time": "2019-05-04T13:08:56.941Z", "user": 11, "content_type": 25, "object_id": "3", "object_repr": "Fancy - shirt-3", "action_flag": 2, "change_message": "[{\"changed\": {\"fields\": [\"product_filter_tag\", \"min_price\", \"offer_of_min\"]}}]"}}, {"model": "admin.logentry", "pk": 74, "fields": {"action_time": "2019-05-06T05:35:13.660Z", "user": 4, "content_type": 25, "object_id": "4", "object_repr": "Shirt-4", "action_flag": 2, "change_message": "[{\"changed\": {\"fields\": [\"qty_sold\"]}}]"}}, {"model": "admin.logentry", "pk": 75, "fields": {"action_time": "2019-05-06T10:17:21.828Z", "user": 1, "content_type": 25, "object_id": "9", "object_repr": "Cartoon look-9", "action_flag": 2, "change_message": "[{\"changed\": {\"fields\": [\"user\", \"product_filter_tag\", \"pattern\"]}}]"}}, {"model": "admin.logentry", "pk": 76, "fields": {"action_time": "2019-05-06T10:39:03.003Z", "user": 4, "content_type": 25, "object_id": "8", "object_repr": "style123-8", "action_flag": 2, "change_message": "[{\"changed\": {\"fields\": [\"product_filter_tag\", \"description\", \"more_info\", \"qty_sold\"]}}]"}}, {"model": "admin.logentry", "pk": 77, "fields": {"action_time": "2019-05-06T10:39:22.952Z", "user": 4, "content_type": 25, "object_id": "9", "object_repr": "Cartoon look-9", "action_flag": 2, "change_message": "[{\"changed\": {\"fields\": [\"avg_rating\", \"qty_sold\"]}}]"}}, {"model": "admin.logentry", "pk": 78, "fields": {"action_time": "2019-05-06T10:40:10.495Z", "user": 4, "content_type": 25, "object_id": "8", "object_repr": "style123-8", "action_flag": 2, "change_message": "[{\"changed\": {\"fields\": [\"avg_rating\"]}}]"}}, {"model": "admin.logentry", "pk": 79, "fields": {"action_time": "2019-05-06T10:41:51.371Z", "user": 4, "content_type": 25, "object_id": "7", "object_repr": "check-7", "action_flag": 2, "change_message": "[{\"changed\": {\"fields\": [\"product_filter_tag\", \"min_price\", \"offer_of_min\"]}}]"}}, {"model": "admin.logentry", "pk": 80, "fields": {"action_time": "2019-05-06T10:43:03.756Z", "user": 4, "content_type": 25, "object_id": "5", "object_repr": "Latest Product-5", "action_flag": 2, "change_message": "[{\"changed\": {\"fields\": [\"product_filter_tag\", \"description\", \"more_info\", \"min_price\", \"offer_of_min\"]}}]"}}, {"model": "admin.logentry", "pk": 81, "fields": {"action_time": "2019-05-06T10:43:37.395Z", "user": 4, "content_type": 25, "object_id": "4", "object_repr": "Shirt-4", "action_flag": 2, "change_message": "[{\"changed\": {\"fields\": [\"avg_rating\"]}}]"}}, {"model": "admin.logentry", "pk": 82, "fields": {"action_time": "2019-05-06T10:44:32.448Z", "user": 4, "content_type": 25, "object_id": "3", "object_repr": "Fancy - shirt-3", "action_flag": 2, "change_message": "[{\"changed\": {\"fields\": [\"avg_rating\", \"qty_sold\"]}}]"}}, {"model": "admin.logentry", "pk": 83, "fields": {"action_time": "2019-05-06T10:45:00.707Z", "user": 4, "content_type": 25, "object_id": "2", "object_repr": "Full Sleeve T-Shirt-2", "action_flag": 2, "change_message": "[{\"changed\": {\"fields\": [\"material\", \"fit\", \"pattern\", \"fabric\", \"brand\"]}}]"}}, {"model": "admin.logentry", "pk": 84, "fields": {"action_time": "2019-05-06T10:56:50.630Z", "user": 4, "content_type": 8, "object_id": "1", "object_repr": "Dashboard", "action_flag": 1, "change_message": "[{\"added\": {}}]"}}, {"model": "admin.logentry", "pk": 85, "fields": {"action_time": "2019-05-06T10:57:14.426Z", "user": 4, "content_type": 8, "object_id": "2", "object_repr": "Account Management", "action_flag": 1, "change_message": "[{\"added\": {}}]"}}, {"model": "admin.logentry", "pk": 86, "fields": {"action_time": "2019-05-06T10:57:37.527Z", "user": 4, "content_type": 8, "object_id": "3", "object_repr": "Member Management", "action_flag": 1, "change_message": "[{\"added\": {}}]"}}, {"model": "admin.logentry", "pk": 87, "fields": {"action_time": "2019-05-06T10:58:06.855Z", "user": 4, "content_type": 8, "object_id": "4", "object_repr": "Chat Management", "action_flag": 1, "change_message": "[{\"added\": {}}]"}}, {"model": "admin.logentry", "pk": 88, "fields": {"action_time": "2019-05-06T10:58:32.293Z", "user": 4, "content_type": 8, "object_id": "5", "object_repr": "Order Management", "action_flag": 1, "change_message": "[{\"added\": {}}]"}}, {"model": "admin.logentry", "pk": 89, "fields": {"action_time": "2019-05-06T10:58:50.748Z", "user": 4, "content_type": 8, "object_id": "6", "object_repr": "Payment Management", "action_flag": 1, "change_message": "[{\"added\": {}}]"}}, {"model": "admin.logentry", "pk": 90, "fields": {"action_time": "2019-05-06T10:59:28.132Z", "user": 4, "content_type": 8, "object_id": "7", "object_repr": "Report Generation", "action_flag": 1, "change_message": "[{\"added\": {}}]"}}, {"model": "admin.logentry", "pk": 91, "fields": {"action_time": "2019-05-06T10:59:43.195Z", "user": 4, "content_type": 8, "object_id": "8", "object_repr": "Product Management", "action_flag": 1, "change_message": "[{\"added\": {}}]"}}, {"model": "admin.logentry", "pk": 92, "fields": {"action_time": "2019-05-06T11:58:27.641Z", "user": 4, "content_type": 23, "object_id": "3", "object_repr": "Topwear-Men", "action_flag": 1, "change_message": "[{\"added\": {}}]"}}, {"model": "admin.logentry", "pk": 93, "fields": {"action_time": "2019-05-06T11:59:03.207Z", "user": 4, "content_type": 23, "object_id": "4", "object_repr": "Bottomwear-Men", "action_flag": 1, "change_message": "[{\"added\": {}}]"}}, {"model": "admin.logentry", "pk": 94, "fields": {"action_time": "2019-05-06T12:00:21.027Z", "user": 4, "content_type": 23, "object_id": "5", "object_repr": "Topwear-Women", "action_flag": 1, "change_message": "[{\"added\": {}}]"}}, {"model": "admin.logentry", "pk": 95, "fields": {"action_time": "2019-05-06T12:00:56.249Z", "user": 4, "content_type": 23, "object_id": "6", "object_repr": "Bottomwear-Women", "action_flag": 1, "change_message": "[{\"added\": {}}]"}}, {"model": "admin.logentry", "pk": 96, "fields": {"action_time": "2019-05-06T12:03:19.366Z", "user": 4, "content_type": 23, "object_id": "7", "object_repr": "Topwear-Kids", "action_flag": 1, "change_message": "[{\"added\": {}}]"}}, {"model": "admin.logentry", "pk": 97, "fields": {"action_time": "2019-05-06T12:03:39.128Z", "user": 4, "content_type": 23, "object_id": "8", "object_repr": "Bottomwear-Kids", "action_flag": 1, "change_message": "[{\"added\": {}}]"}}, {"model": "admin.logentry", "pk": 98, "fields": {"action_time": "2019-05-06T12:04:55.190Z", "user": 4, "content_type": 26, "object_id": "4", "object_repr": "Graphic T-shirts-Topwear-Men", "action_flag": 1, "change_message": "[{\"added\": {}}]"}}, {"model": "admin.logentry", "pk": 99, "fields": {"action_time": "2019-05-06T12:05:35.496Z", "user": 4, "content_type": 26, "object_id": "5", "object_repr": "Plain-T shirt-Topwear-Men", "action_flag": 1, "change_message": "[{\"added\": {}}]"}}, {"model": "admin.logentry", "pk": 100, "fields": {"action_time": "2019-05-06T12:06:56.742Z", "user": 4, "content_type": 26, "object_id": "6", "object_repr": "Shorts-Bottomwear-Men", "action_flag": 1, "change_message": "[{\"added\": {}}]"}}, {"model": "admin.logentry", "pk": 101, "fields": {"action_time": "2019-05-06T12:08:23.008Z", "user": 4, "content_type": 26, "object_id": "7", "object_repr": "Crop Tops-Topwear-Women", "action_flag": 1, "change_message": "[{\"added\": {}}]"}}, {"model": "admin.logentry", "pk": 102, "fields": {"action_time": "2019-05-06T12:10:19.515Z", "user": 4, "content_type": 26, "object_id": "8", "object_repr": "plain T- shirts-Topwear-Women", "action_flag": 1, "change_message": "[{\"added\": {}}]"}}, {"model": "admin.logentry", "pk": 103, "fields": {"action_time": "2019-05-06T12:11:00.375Z", "user": 4, "content_type": 26, "object_id": "9", "object_repr": "T -shirts-Topwear-Kids", "action_flag": 1, "change_message": "[{\"added\": {}}]"}}, {"model": "admin.logentry", "pk": 104, "fields": {"action_time": "2019-05-06T12:12:37.348Z", "user": 4, "content_type": 26, "object_id": "10", "object_repr": "Party wear Jeans-Bottomwear-Kids", "action_flag": 1, "change_message": "[{\"added\": {}}]"}}, {"model": "admin.logentry", "pk": 105, "fields": {"action_time": "2019-05-06T12:18:50.471Z", "user": 4, "content_type": 25, "object_id": "10", "object_repr": "kids t shirts-10", "action_flag": 2, "change_message": "[{\"changed\": {\"fields\": [\"product_filter_tag\", \"description\", \"avg_rating\", \"more_info\", \"qty_sold\"]}}]"}}, {"model": "admin.logentry", "pk": 106, "fields": {"action_time": "2019-05-06T12:45:59.801Z", "user": 4, "content_type": 25, "object_id": "10", "object_repr": "kids t shirts-10", "action_flag": 2, "change_message": "[{\"changed\": {\"fields\": [\"offer_of_min\"]}}]"}}, {"model": "admin.logentry", "pk": 107, "fields": {"action_time": "2019-05-06T12:58:36.876Z", "user": 4, "content_type": 20, "object_id": "45", "object_repr": "janmejaySingh8036016 - Blue Full Shirt", "action_flag": 3, "change_message": ""}}, {"model": "admin.logentry", "pk": 108, "fields": {"action_time": "2019-05-06T14:03:16.262Z", "user": 4, "content_type": 26, "object_id": "11", "object_repr": "Jeans-Bottomwear-Women", "action_flag": 1, "change_message": "[{\"added\": {}}]"}}, {"model": "admin.logentry", "pk": 109, "fields": {"action_time": "2019-05-08T06:34:42.408Z", "user": 4, "content_type": 21, "object_id": "4", "object_repr": "Colour object (4)", "action_flag": 1, "change_message": "[{\"added\": {}}]"}}, {"model": "admin.logentry", "pk": 110, "fields": {"action_time": "2019-05-08T06:35:03.272Z", "user": 4, "content_type": 21, "object_id": "5", "object_repr": "Colour object (5)", "action_flag": 1, "change_message": "[{\"added\": {}}]"}}, {"model": "admin.logentry", "pk": 111, "fields": {"action_time": "2019-05-08T06:35:21.858Z", "user": 4, "content_type": 21, "object_id": "6", "object_repr": "Colour object (6)", "action_flag": 1, "change_message": "[{\"added\": {}}]"}}, {"model": "admin.logentry", "pk": 112, "fields": {"action_time": "2019-05-08T06:35:35.577Z", "user": 4, "content_type": 21, "object_id": "7", "object_repr": "Colour object (7)", "action_flag": 1, "change_message": "[{\"added\": {}}]"}}, {"model": "admin.logentry", "pk": 113, "fields": {"action_time": "2019-05-08T06:35:54.708Z", "user": 4, "content_type": 21, "object_id": "8", "object_repr": "Colour object (8)", "action_flag": 1, "change_message": "[{\"added\": {}}]"}}, {"model": "admin.logentry", "pk": 114, "fields": {"action_time": "2019-05-08T06:36:24.511Z", "user": 4, "content_type": 21, "object_id": "9", "object_repr": "Colour object (9)", "action_flag": 1, "change_message": "[{\"added\": {}}]"}}, {"model": "admin.logentry", "pk": 115, "fields": {"action_time": "2019-05-08T06:36:38.851Z", "user": 4, "content_type": 21, "object_id": "10", "object_repr": "Colour object (10)", "action_flag": 1, "change_message": "[{\"added\": {}}]"}}, {"model": "admin.logentry", "pk": 116, "fields": {"action_time": "2019-05-08T06:36:58.414Z", "user": 4, "content_type": 21, "object_id": "11", "object_repr": "Colour object (11)", "action_flag": 1, "change_message": "[{\"added\": {}}]"}}, {"model": "admin.logentry", "pk": 117, "fields": {"action_time": "2019-05-08T06:37:22.898Z", "user": 4, "content_type": 21, "object_id": "12", "object_repr": "Colour object (12)", "action_flag": 1, "change_message": "[{\"added\": {}}]"}}, {"model": "admin.logentry", "pk": 118, "fields": {"action_time": "2019-05-08T06:39:49.114Z", "user": 4, "content_type": 21, "object_id": "13", "object_repr": "Colour object (13)", "action_flag": 1, "change_message": "[{\"added\": {}}]"}}, {"model": "admin.logentry", "pk": 119, "fields": {"action_time": "2019-05-08T06:40:07.210Z", "user": 4, "content_type": 21, "object_id": "14", "object_repr": "Colour object (14)", "action_flag": 1, "change_message": "[{\"added\": {}}]"}}, {"model": "admin.logentry", "pk": 120, "fields": {"action_time": "2019-05-08T06:40:40.161Z", "user": 4, "content_type": 21, "object_id": "15", "object_repr": "Colour object (15)", "action_flag": 1, "change_message": "[{\"added\": {}}]"}}, {"model": "admin.logentry", "pk": 121, "fields": {"action_time": "2019-05-08T06:41:54.696Z", "user": 4, "content_type": 23, "object_id": "9", "object_repr": "Regional T-Shirts-Women", "action_flag": 1, "change_message": "[{\"added\": {}}]"}}, {"model": "admin.logentry", "pk": 122, "fields": {"action_time": "2019-05-08T07:07:45.506Z", "user": 4, "content_type": 23, "object_id": "2", "object_repr": "watches-Men", "action_flag": 2, "change_message": "[{\"changed\": {\"fields\": [\"subcat_image\"]}}]"}}, {"model": "admin.logentry", "pk": 123, "fields": {"action_time": "2019-05-13T13:17:06.752Z", "user": 4, "content_type": 25, "object_id": "7", "object_repr": "check-7", "action_flag": 2, "change_message": "[{\"changed\": {\"fields\": [\"description\", \"more_info\"]}}]"}}, {"model": "admin.logentry", "pk": 124, "fields": {"action_time": "2019-05-14T06:32:52.424Z", "user": 1, "content_type": 25, "object_id": "11", "object_repr": "Funky jeans-11", "action_flag": 2, "change_message": "[{\"changed\": {\"fields\": [\"subsubcategory\", \"name\", \"product_filter_tag\"]}}]"}}, {"model": "admin.logentry", "pk": 125, "fields": {"action_time": "2019-05-14T06:35:35.478Z", "user": 1, "content_type": 26, "object_id": "12", "object_repr": "Punjabi-Regional T-Shirts-Women", "action_flag": 1, "change_message": "[{\"added\": {}}]"}}, {"model": "admin.logentry", "pk": 126, "fields": {"action_time": "2019-05-15T06:13:44.370Z", "user": 1, "content_type": 18, "object_id": "59", "object_repr": "admin - Blue Full Shirt", "action_flag": 1, "change_message": "[{\"added\": {}}]"}}, {"model": "admin.logentry", "pk": 127, "fields": {"action_time": "2019-05-17T06:13:41.651Z", "user": 1, "content_type": 12, "object_id": "3", "object_repr": "FREE200-3", "action_flag": 2, "change_message": "[{\"changed\": {\"fields\": [\"usage_limit\", \"is_for_all_user\", \"selected_users\", \"is_for_all_product\", \"selected_product\", \"is_active\"]}}]"}}, {"model": "admin.logentry", "pk": 128, "fields": {"action_time": "2019-05-17T07:13:05.527Z", "user": 1, "content_type": 20, "object_id": "130", "object_repr": "admin - Blue Full Shirt", "action_flag": 3, "change_message": ""}}, {"model": "admin.logentry", "pk": 129, "fields": {"action_time": "2019-05-17T07:13:05.529Z", "user": 1, "content_type": 20, "object_id": "129", "object_repr": "fdbfcbgvbn1634222 - Funky jeans", "action_flag": 3, "change_message": ""}}, {"model": "admin.logentry", "pk": 130, "fields": {"action_time": "2019-05-17T07:13:05.531Z", "user": 1, "content_type": 20, "object_id": "128", "object_repr": "fdbfcbgvbn1634222 - Funky jeans", "action_flag": 3, "change_message": ""}}, {"model": "admin.logentry", "pk": 131, "fields": {"action_time": "2019-05-17T07:13:05.532Z", "user": 1, "content_type": 20, "object_id": "127", "object_repr": "fdbfcbgvbn1634222 - kids t shirts", "action_flag": 3, "change_message": ""}}, {"model": "admin.logentry", "pk": 132, "fields": {"action_time": "2019-05-17T07:13:05.534Z", "user": 1, "content_type": 20, "object_id": "126", "object_repr": "fdbfcbgvbn1634222 - Funky jeans", "action_flag": 3, "change_message": ""}}, {"model": "admin.logentry", "pk": 133, "fields": {"action_time": "2019-05-17T07:13:05.535Z", "user": 1, "content_type": 20, "object_id": "125", "object_repr": "fdbfcbgvbn1634222 - Fancy - shirt", "action_flag": 3, "change_message": ""}}, {"model": "admin.logentry", "pk": 134, "fields": {"action_time": "2019-05-17T07:13:05.536Z", "user": 1, "content_type": 20, "object_id": "124", "object_repr": "fdbfcbgvbn1634222 - kids t shirts", "action_flag": 3, "change_message": ""}}, {"model": "admin.logentry", "pk": 135, "fields": {"action_time": "2019-05-17T07:13:05.538Z", "user": 1, "content_type": 20, "object_id": "103", "object_repr": "UuuuuNnn2228378 - kids t shirts", "action_flag": 3, "change_message": ""}}, {"model": "admin.logentry", "pk": 136, "fields": {"action_time": "2019-05-17T07:13:05.539Z", "user": 1, "content_type": 20, "object_id": "102", "object_repr": "hhhfehd4300609 - kids t shirts", "action_flag": 3, "change_message": ""}}, {"model": "admin.logentry", "pk": 137, "fields": {"action_time": "2019-05-17T07:13:05.540Z", "user": 1, "content_type": 20, "object_id": "91", "object_repr": "uhghh773987 - kids t shirts", "action_flag": 3, "change_message": ""}}, {"model": "admin.logentry", "pk": 138, "fields": {"action_time": "2019-05-17T07:13:05.542Z", "user": 1, "content_type": 20, "object_id": "90", "object_repr": "ghhgshs6264222 - Blue Full Shirt", "action_flag": 3, "change_message": ""}}, {"model": "admin.logentry", "pk": 139, "fields": {"action_time": "2019-05-17T07:13:05.543Z", "user": 1, "content_type": 20, "object_id": "89", "object_repr": "FghfghFghfgh1690031 - kids t shirts", "action_flag": 3, "change_message": ""}}, {"model": "admin.logentry", "pk": 140, "fields": {"action_time": "2019-05-17T07:13:05.545Z", "user": 1, "content_type": 20, "object_id": "88", "object_repr": "FghfghFghfgh1690031 - Blue Full Shirt", "action_flag": 3, "change_message": ""}}, {"model": "admin.logentry", "pk": 141, "fields": {"action_time": "2019-05-17T07:13:05.547Z", "user": 1, "content_type": 20, "object_id": "85", "object_repr": "HungDao5252926 - kids t shirts", "action_flag": 3, "change_message": ""}}, {"model": "admin.logentry", "pk": 142, "fields": {"action_time": "2019-05-17T07:13:05.548Z", "user": 1, "content_type": 20, "object_id": "84", "object_repr": "FghfghFghfgh1690031 - kids t shirts", "action_flag": 3, "change_message": ""}}, {"model": "admin.logentry", "pk": 143, "fields": {"action_time": "2019-05-17T07:13:05.549Z", "user": 1, "content_type": 20, "object_id": "83", "object_repr": "FghfghFghfgh1690031 - kids t shirts", "action_flag": 3, "change_message": ""}}, {"model": "admin.logentry", "pk": 144, "fields": {"action_time": "2019-05-17T07:13:05.551Z", "user": 1, "content_type": 20, "object_id": "82", "object_repr": "FggghHyfhh4639240 - Blue Full Shirt", "action_flag": 3, "change_message": ""}}, {"model": "admin.logentry", "pk": 145, "fields": {"action_time": "2019-05-17T07:13:05.552Z", "user": 1, "content_type": 20, "object_id": "80", "object_repr": "gguyu3569857 - Full Sleeve T-Shirt", "action_flag": 3, "change_message": ""}}, {"model": "admin.logentry", "pk": 146, "fields": {"action_time": "2019-05-17T07:13:05.553Z", "user": 1, "content_type": 20, "object_id": "79", "object_repr": "brucenguyen5091613 - kids t shirts", "action_flag": 3, "change_message": ""}}, {"model": "admin.logentry", "pk": 147, "fields": {"action_time": "2019-05-17T07:13:05.554Z", "user": 1, "content_type": 20, "object_id": "78", "object_repr": "SomeOne3313899 - kids t shirts", "action_flag": 3, "change_message": ""}}, {"model": "admin.logentry", "pk": 148, "fields": {"action_time": "2019-05-17T07:13:05.556Z", "user": 1, "content_type": 20, "object_id": "77", "object_repr": "SomeOne3313899 - Funky jeans", "action_flag": 3, "change_message": ""}}, {"model": "admin.logentry", "pk": 149, "fields": {"action_time": "2019-05-17T07:13:05.557Z", "user": 1, "content_type": 20, "object_id": "75", "object_repr": "Judges doAdd4501308 - kids t shirts", "action_flag": 3, "change_message": ""}}, {"model": "admin.logentry", "pk": 150, "fields": {"action_time": "2019-05-17T07:13:05.558Z", "user": 1, "content_type": 20, "object_id": "74", "object_repr": "hghhytyu7666553 - Blue Full Shirt", "action_flag": 3, "change_message": ""}}, {"model": "admin.logentry", "pk": 151, "fields": {"action_time": "2019-05-17T07:13:05.560Z", "user": 1, "content_type": 20, "object_id": "73", "object_repr": "BdbdGshsh445274 - Blue Full Shirt", "action_flag": 3, "change_message": ""}}, {"model": "admin.logentry", "pk": 152, "fields": {"action_time": "2019-05-17T07:13:05.562Z", "user": 1, "content_type": 20, "object_id": "72", "object_repr": "hghhytyu7666553 - Full Sleeve T-Shirt", "action_flag": 3, "change_message": ""}}, {"model": "admin.logentry", "pk": 153, "fields": {"action_time": "2019-05-17T07:13:05.563Z", "user": 1, "content_type": 20, "object_id": "71", "object_repr": "hghhytyu7666553 - Blue Full Shirt", "action_flag": 3, "change_message": ""}}, {"model": "admin.logentry", "pk": 154, "fields": {"action_time": "2019-05-17T07:13:05.564Z", "user": 1, "content_type": 20, "object_id": "61", "object_repr": "GgFgggh4240335 - Full Sleeve T-Shirt", "action_flag": 3, "change_message": ""}}, {"model": "admin.logentry", "pk": 155, "fields": {"action_time": "2019-05-17T07:13:05.566Z", "user": 1, "content_type": 20, "object_id": "57", "object_repr": "GgFgggh4240335 - Blue Full Shirt", "action_flag": 3, "change_message": ""}}, {"model": "admin.logentry", "pk": 156, "fields": {"action_time": "2019-05-17T07:13:05.568Z", "user": 1, "content_type": 20, "object_id": "49", "object_repr": "GggJhajjar3604261 - Blue Full Shirt", "action_flag": 3, "change_message": ""}}, {"model": "admin.logentry", "pk": 157, "fields": {"action_time": "2019-05-17T07:13:05.569Z", "user": 1, "content_type": 20, "object_id": "48", "object_repr": "ghghgguu2851123 - Blue Full Shirt", "action_flag": 3, "change_message": ""}}, {"model": "admin.logentry", "pk": 158, "fields": {"action_time": "2019-05-17T07:13:05.570Z", "user": 1, "content_type": 20, "object_id": "47", "object_repr": "ghghgguu2851123 - Blue Full Shirt", "action_flag": 3, "change_message": ""}}, {"model": "admin.logentry", "pk": 159, "fields": {"action_time": "2019-05-17T07:13:05.572Z", "user": 1, "content_type": 20, "object_id": "46", "object_repr": "HdhdHeh625139 - Full Sleeve T-Shirt", "action_flag": 3, "change_message": ""}}, {"model": "admin.logentry", "pk": 160, "fields": {"action_time": "2019-05-17T07:13:05.573Z", "user": 1, "content_type": 20, "object_id": "44", "object_repr": "janmejaySingh8036016 - Full Sleeve T-Shirt", "action_flag": 3, "change_message": ""}}, {"model": "admin.logentry", "pk": 161, "fields": {"action_time": "2019-05-17T07:13:05.574Z", "user": 1, "content_type": 20, "object_id": "43", "object_repr": "janmejaySingh8036016 - Full Sleeve T-Shirt", "action_flag": 3, "change_message": ""}}, {"model": "admin.logentry", "pk": 162, "fields": {"action_time": "2019-05-17T07:13:05.576Z", "user": 1, "content_type": 20, "object_id": "32", "object_repr": "TttGgg208697 - Blue Full Shirt", "action_flag": 3, "change_message": ""}}, {"model": "admin.logentry", "pk": 163, "fields": {"action_time": "2019-05-17T07:13:05.577Z", "user": 1, "content_type": 20, "object_id": "25", "object_repr": "TttGgg208697 - Full Sleeve T-Shirt", "action_flag": 3, "change_message": ""}}, {"model": "admin.logentry", "pk": 164, "fields": {"action_time": "2019-05-17T07:13:05.578Z", "user": 1, "content_type": 20, "object_id": "23", "object_repr": "TttGgg208697 - Full Sleeve T-Shirt", "action_flag": 3, "change_message": ""}}, {"model": "admin.logentry", "pk": 165, "fields": {"action_time": "2019-05-17T07:13:05.580Z", "user": 1, "content_type": 20, "object_id": "22", "object_repr": "AkanshaSaxena9752789 - Full Sleeve T-Shirt", "action_flag": 3, "change_message": ""}}, {"model": "admin.logentry", "pk": 166, "fields": {"action_time": "2019-05-17T07:13:05.581Z", "user": 1, "content_type": 20, "object_id": "21", "object_repr": "AkanshaSaxena9752789 - Full Sleeve T-Shirt", "action_flag": 3, "change_message": ""}}, {"model": "admin.logentry", "pk": 167, "fields": {"action_time": "2019-05-17T07:13:05.582Z", "user": 1, "content_type": 20, "object_id": "20", "object_repr": "Judges doAdd4501308 - Blue Full Shirt", "action_flag": 3, "change_message": ""}}, {"model": "admin.logentry", "pk": 168, "fields": {"action_time": "2019-05-17T07:13:05.584Z", "user": 1, "content_type": 20, "object_id": "19", "object_repr": "Judges doAdd4501308 - Blue Full Shirt", "action_flag": 3, "change_message": ""}}, {"model": "admin.logentry", "pk": 169, "fields": {"action_time": "2019-05-17T07:13:05.585Z", "user": 1, "content_type": 20, "object_id": "11", "object_repr": "Judges doAdd4501308 - Blue Full Shirt", "action_flag": 3, "change_message": ""}}, {"model": "admin.logentry", "pk": 170, "fields": {"action_time": "2019-05-17T07:14:12.218Z", "user": 1, "content_type": 34, "object_id": "30", "object_repr": "admin-30", "action_flag": 3, "change_message": ""}}, {"model": "admin.logentry", "pk": 171, "fields": {"action_time": "2019-05-17T07:14:12.221Z", "user": 1, "content_type": 34, "object_id": "26", "object_repr": "admin-26", "action_flag": 3, "change_message": ""}}, {"model": "admin.logentry", "pk": 172, "fields": {"action_time": "2019-05-17T07:14:12.222Z", "user": 1, "content_type": 34, "object_id": "25", "object_repr": "admin-25", "action_flag": 3, "change_message": ""}}, {"model": "admin.logentry", "pk": 173, "fields": {"action_time": "2019-05-17T07:14:12.224Z", "user": 1, "content_type": 34, "object_id": "24", "object_repr": "admin-24", "action_flag": 3, "change_message": ""}}, {"model": "admin.logentry", "pk": 174, "fields": {"action_time": "2019-05-17T07:14:12.225Z", "user": 1, "content_type": 34, "object_id": "21", "object_repr": "admin-21", "action_flag": 3, "change_message": ""}}, {"model": "admin.logentry", "pk": 175, "fields": {"action_time": "2019-05-17T07:14:12.226Z", "user": 1, "content_type": 34, "object_id": "20", "object_repr": "admin-20", "action_flag": 3, "change_message": ""}}, {"model": "admin.logentry", "pk": 176, "fields": {"action_time": "2019-05-17T07:14:12.228Z", "user": 1, "content_type": 34, "object_id": "19", "object_repr": "admin-19", "action_flag": 3, "change_message": ""}}, {"model": "admin.logentry", "pk": 177, "fields": {"action_time": "2019-05-17T07:14:12.229Z", "user": 1, "content_type": 34, "object_id": "18", "object_repr": "admin-18", "action_flag": 3, "change_message": ""}}, {"model": "admin.logentry", "pk": 178, "fields": {"action_time": "2019-05-17T07:14:12.231Z", "user": 1, "content_type": 34, "object_id": "17", "object_repr": "Uuuuu-17", "action_flag": 3, "change_message": ""}}, {"model": "admin.logentry", "pk": 179, "fields": {"action_time": "2019-05-17T07:14:12.232Z", "user": 1, "content_type": 34, "object_id": "16", "object_repr": "Uuuuu-16", "action_flag": 3, "change_message": ""}}, {"model": "admin.logentry", "pk": 180, "fields": {"action_time": "2019-05-17T07:14:12.233Z", "user": 1, "content_type": 34, "object_id": "15", "object_repr": "Uuuuu-15", "action_flag": 3, "change_message": ""}}, {"model": "admin.logentry", "pk": 181, "fields": {"action_time": "2019-05-17T07:14:12.235Z", "user": 1, "content_type": 34, "object_id": "14", "object_repr": "admin-14", "action_flag": 3, "change_message": ""}}, {"model": "admin.logentry", "pk": 182, "fields": {"action_time": "2019-05-17T07:14:12.236Z", "user": 1, "content_type": 34, "object_id": "13", "object_repr": "admin-13", "action_flag": 3, "change_message": ""}}, {"model": "admin.logentry", "pk": 183, "fields": {"action_time": "2019-05-17T07:14:12.238Z", "user": 1, "content_type": 34, "object_id": "12", "object_repr": "Fghfgh-12", "action_flag": 3, "change_message": ""}}, {"model": "admin.logentry", "pk": 184, "fields": {"action_time": "2019-05-17T07:14:12.239Z", "user": 1, "content_type": 34, "object_id": "11", "object_repr": "Fghfgh-11", "action_flag": 3, "change_message": ""}}, {"model": "admin.logentry", "pk": 185, "fields": {"action_time": "2019-05-17T07:14:12.240Z", "user": 1, "content_type": 34, "object_id": "10", "object_repr": "Fghfgh-10", "action_flag": 3, "change_message": ""}}, {"model": "admin.logentry", "pk": 186, "fields": {"action_time": "2019-05-17T07:14:12.242Z", "user": 1, "content_type": 34, "object_id": "9", "object_repr": "Fghfgh-9", "action_flag": 3, "change_message": ""}}, {"model": "admin.logentry", "pk": 187, "fields": {"action_time": "2019-05-17T07:14:12.243Z", "user": 1, "content_type": 34, "object_id": "8", "object_repr": "Some-8", "action_flag": 3, "change_message": ""}}, {"model": "admin.logentry", "pk": 188, "fields": {"action_time": "2019-05-17T07:14:12.244Z", "user": 1, "content_type": 34, "object_id": "7", "object_repr": "Some-7", "action_flag": 3, "change_message": ""}}, {"model": "admin.logentry", "pk": 189, "fields": {"action_time": "2019-05-17T07:14:12.246Z", "user": 1, "content_type": 34, "object_id": "6", "object_repr": "admin-6", "action_flag": 3, "change_message": ""}}, {"model": "admin.logentry", "pk": 190, "fields": {"action_time": "2019-05-17T07:14:12.247Z", "user": 1, "content_type": 34, "object_id": "5", "object_repr": "admin-5", "action_flag": 3, "change_message": ""}}, {"model": "admin.logentry", "pk": 191, "fields": {"action_time": "2019-05-17T07:14:12.249Z", "user": 1, "content_type": 34, "object_id": "4", "object_repr": "Ttt-4", "action_flag": 3, "change_message": ""}}, {"model": "admin.logentry", "pk": 192, "fields": {"action_time": "2019-05-17T07:14:12.250Z", "user": 1, "content_type": 34, "object_id": "3", "object_repr": "Ttt-3", "action_flag": 3, "change_message": ""}}, {"model": "admin.logentry", "pk": 193, "fields": {"action_time": "2019-05-17T07:14:12.251Z", "user": 1, "content_type": 34, "object_id": "2", "object_repr": "Judges do-2", "action_flag": 3, "change_message": ""}}, {"model": "admin.logentry", "pk": 194, "fields": {"action_time": "2019-05-17T07:14:12.253Z", "user": 1, "content_type": 34, "object_id": "1", "object_repr": "Judges do-1", "action_flag": 3, "change_message": ""}}, {"model": "admin.logentry", "pk": 195, "fields": {"action_time": "2019-05-17T07:39:50.522Z", "user": 1, "content_type": 46, "object_id": "20", "object_repr": "modric20", "action_flag": 3, "change_message": ""}}, {"model": "admin.logentry", "pk": 196, "fields": {"action_time": "2019-05-17T07:39:50.525Z", "user": 1, "content_type": 46, "object_id": "19", "object_repr": "modric19", "action_flag": 3, "change_message": ""}}, {"model": "admin.logentry", "pk": 197, "fields": {"action_time": "2019-05-17T07:39:50.526Z", "user": 1, "content_type": 46, "object_id": "18", "object_repr": "modric18", "action_flag": 3, "change_message": ""}}, {"model": "admin.logentry", "pk": 198, "fields": {"action_time": "2019-05-17T07:39:50.528Z", "user": 1, "content_type": 46, "object_id": "17", "object_repr": "modric17", "action_flag": 3, "change_message": ""}}, {"model": "admin.logentry", "pk": 199, "fields": {"action_time": "2019-05-17T07:39:50.529Z", "user": 1, "content_type": 46, "object_id": "16", "object_repr": "modric16", "action_flag": 3, "change_message": ""}}, {"model": "admin.logentry", "pk": 200, "fields": {"action_time": "2019-05-17T07:39:50.530Z", "user": 1, "content_type": 46, "object_id": "15", "object_repr": "modric15", "action_flag": 3, "change_message": ""}}, {"model": "admin.logentry", "pk": 201, "fields": {"action_time": "2019-05-17T07:39:50.532Z", "user": 1, "content_type": 46, "object_id": "14", "object_repr": "modric14", "action_flag": 3, "change_message": ""}}, {"model": "admin.logentry", "pk": 202, "fields": {"action_time": "2019-05-17T07:39:50.533Z", "user": 1, "content_type": 46, "object_id": "13", "object_repr": "modric13", "action_flag": 3, "change_message": ""}}, {"model": "admin.logentry", "pk": 203, "fields": {"action_time": "2019-05-17T07:39:50.535Z", "user": 1, "content_type": 46, "object_id": "12", "object_repr": "modric12", "action_flag": 3, "change_message": ""}}, {"model": "admin.logentry", "pk": 204, "fields": {"action_time": "2019-05-17T07:39:50.536Z", "user": 1, "content_type": 46, "object_id": "11", "object_repr": "modric11", "action_flag": 3, "change_message": ""}}, {"model": "admin.logentry", "pk": 205, "fields": {"action_time": "2019-05-17T07:39:50.537Z", "user": 1, "content_type": 46, "object_id": "4", "object_repr": "admin4", "action_flag": 3, "change_message": ""}}, {"model": "admin.logentry", "pk": 206, "fields": {"action_time": "2019-05-17T07:39:50.539Z", "user": 1, "content_type": 46, "object_id": "1", "object_repr": "admin1", "action_flag": 3, "change_message": ""}}, {"model": "admin.logentry", "pk": 207, "fields": {"action_time": "2019-05-17T07:42:29.076Z", "user": 1, "content_type": 33, "object_id": "35", "object_repr": "admin-35", "action_flag": 3, "change_message": ""}}, {"model": "admin.logentry", "pk": 208, "fields": {"action_time": "2019-05-17T07:42:29.078Z", "user": 1, "content_type": 33, "object_id": "34", "object_repr": "modric-34", "action_flag": 3, "change_message": ""}}, {"model": "admin.logentry", "pk": 209, "fields": {"action_time": "2019-05-17T07:42:29.080Z", "user": 1, "content_type": 33, "object_id": "33", "object_repr": "modric-33", "action_flag": 3, "change_message": ""}}, {"model": "admin.logentry", "pk": 210, "fields": {"action_time": "2019-05-17T07:42:29.081Z", "user": 1, "content_type": 33, "object_id": "32", "object_repr": "modric-32", "action_flag": 3, "change_message": ""}}, {"model": "admin.logentry", "pk": 211, "fields": {"action_time": "2019-05-17T07:42:29.083Z", "user": 1, "content_type": 33, "object_id": "31", "object_repr": "modric-31", "action_flag": 3, "change_message": ""}}, {"model": "admin.logentry", "pk": 212, "fields": {"action_time": "2019-05-17T07:42:29.084Z", "user": 1, "content_type": 33, "object_id": "30", "object_repr": "admin-30", "action_flag": 3, "change_message": ""}}, {"model": "admin.logentry", "pk": 213, "fields": {"action_time": "2019-05-17T07:42:29.085Z", "user": 1, "content_type": 33, "object_id": "29", "object_repr": "modric-29", "action_flag": 3, "change_message": ""}}, {"model": "admin.logentry", "pk": 214, "fields": {"action_time": "2019-05-17T07:42:29.087Z", "user": 1, "content_type": 33, "object_id": "28", "object_repr": "admin-28", "action_flag": 3, "change_message": ""}}, {"model": "admin.logentry", "pk": 215, "fields": {"action_time": "2019-05-17T07:42:29.088Z", "user": 1, "content_type": 33, "object_id": "27", "object_repr": "modric-27", "action_flag": 3, "change_message": ""}}, {"model": "admin.logentry", "pk": 216, "fields": {"action_time": "2019-05-17T07:42:29.089Z", "user": 1, "content_type": 33, "object_id": "26", "object_repr": "modric-26", "action_flag": 3, "change_message": ""}}, {"model": "admin.logentry", "pk": 217, "fields": {"action_time": "2019-05-17T07:42:29.091Z", "user": 1, "content_type": 33, "object_id": "25", "object_repr": "modric-25", "action_flag": 3, "change_message": ""}}, {"model": "admin.logentry", "pk": 218, "fields": {"action_time": "2019-05-17T07:42:29.092Z", "user": 1, "content_type": 33, "object_id": "24", "object_repr": "modric-24", "action_flag": 3, "change_message": ""}}, {"model": "admin.logentry", "pk": 219, "fields": {"action_time": "2019-05-17T07:42:29.093Z", "user": 1, "content_type": 33, "object_id": "23", "object_repr": "admin-23", "action_flag": 3, "change_message": ""}}, {"model": "admin.logentry", "pk": 220, "fields": {"action_time": "2019-05-17T07:42:29.095Z", "user": 1, "content_type": 33, "object_id": "22", "object_repr": "modric-22", "action_flag": 3, "change_message": ""}}, {"model": "admin.logentry", "pk": 221, "fields": {"action_time": "2019-05-17T07:42:29.096Z", "user": 1, "content_type": 33, "object_id": "21", "object_repr": "admin-21", "action_flag": 3, "change_message": ""}}, {"model": "admin.logentry", "pk": 222, "fields": {"action_time": "2019-05-17T07:42:29.097Z", "user": 1, "content_type": 33, "object_id": "20", "object_repr": "admin-20", "action_flag": 3, "change_message": ""}}, {"model": "admin.logentry", "pk": 223, "fields": {"action_time": "2019-05-17T07:42:29.098Z", "user": 1, "content_type": 33, "object_id": "19", "object_repr": "admin-19", "action_flag": 3, "change_message": ""}}, {"model": "admin.logentry", "pk": 224, "fields": {"action_time": "2019-05-17T07:42:29.100Z", "user": 1, "content_type": 33, "object_id": "18", "object_repr": "admin-18", "action_flag": 3, "change_message": ""}}, {"model": "admin.logentry", "pk": 225, "fields": {"action_time": "2019-05-17T07:42:29.101Z", "user": 1, "content_type": 33, "object_id": "17", "object_repr": "admin-17", "action_flag": 3, "change_message": ""}}, {"model": "admin.logentry", "pk": 226, "fields": {"action_time": "2019-05-17T07:42:29.102Z", "user": 1, "content_type": 33, "object_id": "16", "object_repr": "admin-16", "action_flag": 3, "change_message": ""}}, {"model": "admin.logentry", "pk": 227, "fields": {"action_time": "2019-05-17T07:42:29.104Z", "user": 1, "content_type": 33, "object_id": "15", "object_repr": "admin-15", "action_flag": 3, "change_message": ""}}, {"model": "admin.logentry", "pk": 228, "fields": {"action_time": "2019-05-17T07:42:29.105Z", "user": 1, "content_type": 33, "object_id": "14", "object_repr": "admin-14", "action_flag": 3, "change_message": ""}}, {"model": "admin.logentry", "pk": 229, "fields": {"action_time": "2019-05-17T07:42:29.107Z", "user": 1, "content_type": 33, "object_id": "13", "object_repr": "Uuuuu-13", "action_flag": 3, "change_message": ""}}, {"model": "admin.logentry", "pk": 230, "fields": {"action_time": "2019-05-17T07:42:29.108Z", "user": 1, "content_type": 33, "object_id": "12", "object_repr": "Uuuuu-12", "action_flag": 3, "change_message": ""}}, {"model": "admin.logentry", "pk": 231, "fields": {"action_time": "2019-05-17T07:42:29.109Z", "user": 1, "content_type": 33, "object_id": "11", "object_repr": "Uuuuu-11", "action_flag": 3, "change_message": ""}}, {"model": "admin.logentry", "pk": 232, "fields": {"action_time": "2019-05-17T07:42:29.111Z", "user": 1, "content_type": 33, "object_id": "10", "object_repr": "admin-10", "action_flag": 3, "change_message": ""}}, {"model": "admin.logentry", "pk": 233, "fields": {"action_time": "2019-05-17T07:42:29.112Z", "user": 1, "content_type": 33, "object_id": "9", "object_repr": "Fghfgh-9", "action_flag": 3, "change_message": ""}}, {"model": "admin.logentry", "pk": 234, "fields": {"action_time": "2019-05-17T07:42:29.113Z", "user": 1, "content_type": 33, "object_id": "8", "object_repr": "Fghfgh-8", "action_flag": 3, "change_message": ""}}, {"model": "admin.logentry", "pk": 235, "fields": {"action_time": "2019-05-17T07:42:29.115Z", "user": 1, "content_type": 33, "object_id": "7", "object_repr": "Fghfgh-7", "action_flag": 3, "change_message": ""}}, {"model": "admin.logentry", "pk": 236, "fields": {"action_time": "2019-05-17T07:42:29.116Z", "user": 1, "content_type": 33, "object_id": "6", "object_repr": "Fghfgh-6", "action_flag": 3, "change_message": ""}}, {"model": "admin.logentry", "pk": 237, "fields": {"action_time": "2019-05-17T07:42:29.117Z", "user": 1, "content_type": 33, "object_id": "5", "object_repr": "Some-5", "action_flag": 3, "change_message": ""}}, {"model": "admin.logentry", "pk": 238, "fields": {"action_time": "2019-05-17T07:42:29.119Z", "user": 1, "content_type": 33, "object_id": "4", "object_repr": "admin-4", "action_flag": 3, "change_message": ""}}, {"model": "admin.logentry", "pk": 239, "fields": {"action_time": "2019-05-17T07:42:29.120Z", "user": 1, "content_type": 33, "object_id": "3", "object_repr": "Ttt-3", "action_flag": 3, "change_message": ""}}, {"model": "admin.logentry", "pk": 240, "fields": {"action_time": "2019-05-17T07:42:29.121Z", "user": 1, "content_type": 33, "object_id": "2", "object_repr": "Judges do-2", "action_flag": 3, "change_message": ""}}, {"model": "admin.logentry", "pk": 241, "fields": {"action_time": "2019-05-17T07:42:29.123Z", "user": 1, "content_type": 33, "object_id": "1", "object_repr": "Judges do-1", "action_flag": 3, "change_message": ""}}, {"model": "admin.logentry", "pk": 242, "fields": {"action_time": "2019-05-17T07:42:42.449Z", "user": 1, "content_type": 34, "object_id": "60", "object_repr": "admin-60", "action_flag": 3, "change_message": ""}}, {"model": "admin.logentry", "pk": 243, "fields": {"action_time": "2019-05-17T07:42:42.451Z", "user": 1, "content_type": 34, "object_id": "47", "object_repr": "admin-47", "action_flag": 3, "change_message": ""}}, {"model": "admin.logentry", "pk": 244, "fields": {"action_time": "2019-05-17T07:42:42.452Z", "user": 1, "content_type": 34, "object_id": "43", "object_repr": "admin-43", "action_flag": 3, "change_message": ""}}]